Game,Release year,Price,Userscore,Metascore,Genre,Owners,Average playtime,Median playtime
Garry's Mod,2006,$9.99,95,/,simulation,12984622,95.084,16.006
Robocraft,2014,Free,73,/,simulation,11551903,18.312,2.144
War Thunder,2013,Free,83,81,simulation,10778436,43.264,4.3
Don't Starve Together Beta,2016,$14.99,96,83,simulation,5579971,22.126,7.27
Clicker Heroes,2015,Free,90,/,simulation,4610227,96.336,6.306
theHunter,2014,Free,40,/,simulation,4369370,6.036,0.22799999999999998
Arma 2: Operation Arrowhead,2010,$19.99,92,73,simulation,4106024,53.054,3.2640000000000002
Don't Starve,,$14.99,97,79,simulation,3957682,23.042,6.042
DiRT 3 Complete Edition,2015,$2.99,88,86,simulation,3588604,4.3,1.294
Euro Truck Simulator 2,2013,$19.99,97,79,simulation,3513052,62.342,18.192
RaceRoom Racing Experience,2013,Free,55,/,simulation,3274956,4.054,0.15
Cities: Skylines,2015,$29.99,93,85,simulation,3103929,35.324,12.102
Arma 3,2013,$39.99,90,74,simulation,2896803,170.294,35.168
The Forest,2014,$14.99,91,/,simulation,2829537,18.306,9.33
Goat Simulator,2014,$9.99,89,62,simulation,2697371,6.216,2.102
FTL: Faster Than Light,2012,$9.99,97,84,simulation,2642532,27.204,11.006
Creativerse,2014,Free,83,/,simulation,2437970,8.222,1.15
Tropico 4,2011,$14.99,92,78,simulation,2316654,17.264,4.138
World of Guns: Gun Disassembly,2014,Free,82,/,simulation,2242680,3.114,0.24599999999999997
Prison Architect,2015,$29.99,94,83,simulation,2163775,26.168,10.132
Space Engineers,2013,$24.99,88,/,simulation,2147205,48.048,8.282
Stardew Valley,2016,$14.99,97,88,simulation,2068497,46.228,25.162
7 Days to Die,2013,$24.99,81,/,simulation,2058042,66.348,13.354
Star Conflict,2013,Free,81,75,simulation,2031609,13.246,1.138
Age of Empires III: Complete Collection,2012,$39.99,90,81,simulation,2013263,24.102,5.108
Fishing Planet,2015,Free,78,/,simulation,1945208,10.036,0.23399999999999999
Besiege,2015,$7.99,96,/,simulation,1829415,9.336,3.24
Red Crucible: Firestorm,2015,Free,58,/,simulation,1801009,2.288,0.144
Surgeon Simulator,2013,$9.99,83,71,simulation,1769249,3.2279999999999998,1.288
This War of Mine,2014,$19.99,95,83,simulation,1746761,13.27,5.096
Kerbal Space Program,2015,$39.99,97,88,simulation,1745578,69.288,14.294
Mitos.is: The Game,2015,Free,83,/,simulation,1735912,9.09,1.078
Banished,2014,$19.99,90,/,simulation,1720920,29.048,10.312
Spore,2008,$19.99,88,84,simulation,1549499,16.03,6.294
Emily is Away,2015,Free,89,/,simulation,1488742,1.018,0.24599999999999997
DCS World,2013,Free,78,/,simulation,1488150,3.306,0.036
Guns of Icarus Online,2012,$9.99,94,64,simulation,1446528,9.108,3.294
SNOW,2013,Free,71,/,simulation,1429958,4.06,0.192
Tropico 3 - Steam Special Edition,2009,$9.99,88,79,simulation,1398790,7.138,1.0
Crusader Kings II,2012,$39.99,92,82,simulation,1393464,112.3,11.054
Arma: Cold War Assault,2011,$5.99,74,/,simulation,1349474,1.354,0.09
Viscera Cleanup Detail: Shadow Warrior,2013,Free,80,/,simulation,1289506,0.33,0.108
Game Dev Tycoon,2013,$9.99,95,68,simulation,1223818,13.354,7.216
The Sims(TM) 3,2011,$19.99,85,86,simulation,1217900,60.234,16.078
Moonbase Alpha,2010,Free,90,/,simulation,1191861,1.216,0.22799999999999998
SimCity 4 Deluxe,2010,$19.99,77,/,simulation,1168584,18.03,3.054
Europa Universalis IV,2013,$39.99,92,87,simulation,1139587,195.108,32.186
Arma 2,2009,$12.99,83,77,simulation,1134458,5.318,0.20400000000000001
Football Manager 2016,2015,$49.99,66,81,simulation,1128737,343.306,156.312
Plague Inc: Evolved,2016,$14.99,94,/,simulation,1092441,11.018,5.336
Tabletop Simulator,2015,$19.99,94,/,simulation,1065219,14.252,4.306
State of Decay,2013,Free,85,79,simulation,1056342,18.252,6.318
Age of Mythology: Extended Edition,2014,$29.99,83,66,simulation,1036616,22.336,6.09
Infestation: Survivor Stories,,Free,43,/,simulation,1031684,44.03,6.048
SpaceChem,2011,$9.99,92,84,simulation,1016889,4.294,1.024
Tropico 5,2014,$24.99,76,75,simulation,1002884,20.24,9.216
Knights and Merchants,2013,$3.49,82,/,simulation,992429,3.3,1.1139999999999999
Stronghold HD,2013,$5.99,93,81,simulation,979015,7.354,2.102
MechWarrior Online,2015,Free,79,/,simulation,972111,20.162,0.3
Defy Gravity,2016,$1.99,86,/,simulation,968560,2.048,0.27
Elite: Dangerous,2015,$29.99,69,80,simulation,954949,68.168,18.06
Train Simulator 2015,2015,$24.99,63,/,simulation,954949,62.084,7.276
The Escapists,2015,$17.99,91,71,simulation,942324,13.264,5.234
Spintires,2014,$29.99,86,67,simulation,912537,28.03,9.15
The Long Dark,2014,$19.99,94,/,simulation,900307,17.276,4.198
Five Nights at Freddy's,2014,$4.99,88,78,simulation,897743,3.144,1.066
Reus,2013,$9.99,82,75,simulation,872493,4.294,1.306
Pixel Puzzles Ultimate,2016,Free,62,/,simulation,868745,15.246,0.096
Stronghold Crusader HD,2013,$9.99,95,78,simulation,833041,14.228,2.192
RollerCoaster Tycoon 3: Platinum!,2008,$19.99,88,81,simulation,814892,15.252,3.192
Star Wars Starfighter,2009,$5.99,47,71,simulation,796744,1.042,0.066
Thief Gold,2012,$6.99,91,92,simulation,785895,2.318,0.156
Copa Petrobras de Marcas,2015,Free,58,/,simulation,780174,1.0,0.072
Pinball Arcade,2013,Free,74,/,simulation,778991,7.15,0.108
Stellaris,2016,$39.99,87,78,simulation,767944,66.294,35.15
Steel Ocean,2015,Free,71,/,simulation,763210,8.018,0.24599999999999997
Spore: Galactic Adventures,2009,$19.99,78,70,simulation,762420,17.342,3.276
Universe Sandbox,2011,Free,81,83,simulation,761237,11.048,0.34199999999999997
Microsoft Flight Simulator X: Steam Edition,2014,$24.99,79,/,simulation,758870,48.06,4.336
Project Zomboid,2013,$14.99,90,/,simulation,738157,20.216,6.084
Stronghold 3,2012,$29.99,28,/,simulation,733423,10.036,4.012
Factorio,2016,$20,98,/,simulation,721390,57.318,26.108
Project CARS,2015,$29.99,77,83,simulation,702255,27.324,6.078
Nether,2014,$4.99,45,57,simulation,701269,10.072,2.354
Cities in Motion 2,2013,$19.99,59,72,simulation,696535,11.156,1.102
Spore: Creepy & Cute Parts Pack,2008,$19.99,83,/,simulation,692787,6.198,0.318
Pixel Piracy,2014,$9.99,70,/,simulation,690420,7.018,3.0
Receiver,2013,$4.99,78,/,simulation,684107,1.168,0.126
Rise of Nations: Extended Edition,2014,$19.99,92,89,simulation,679965,22.138,5.054
BEEP,2011,$1.99,86,/,simulation,677597,2.204,1.09
Viscera Cleanup Detail: Santa's Rampage,2013,$2.49,91,/,simulation,675033,2.282,1.15
Out There Somewhere,2016,$1.99,93,/,simulation,671680,2.204,1.228
Farming Simulator 15,2014,$24.99,90,64,simulation,663000,92.138,25.024
Mount Your Friends,2014,$4.99,95,/,simulation,628282,2.294,1.246
Football Manager 2017,2016,$49.99,33,81,simulation,623745,126.186,73.156
Homeworld Remastered Collection,2015,$34.99,86,86,simulation,623153,13.072,5.18
Amazing World,2014,Free,76,/,simulation,619208,1.3,0.156
Mabinogi,2012,Free,75,/,simulation,613684,48.276,0.288
Lone Survivor: The Director's Cut,2012,$14.99,88,81,simulation,606780,1.024,0.126
Stronghold Crusader 2,2014,$49.99,59,65,simulation,604610,18.096,5.114
Viridi,2015,Free,89,46,simulation,588632,5.102,0.066
Rocksmith 2014,2016,$39.99,92,/,simulation,583306,45.018,9.246
Democracy 3,2013,$24.99,77,70,simulation,583109,7.258,3.108
Polarity,2016,$9.99,82,/,simulation,579952,2.12,1.138
Euro Truck Simulator,2013,$4.99,80,/,simulation,573048,3.066,0.27
X3: Terran Conflict,2008,$15.99,86,73,simulation,568117,37.072,2.114
Navy Field 2 : Conqueror of the Ocean,2015,Free,46,/,simulation,568117,3.174,0.132
Gratuitous Space Battles,2009,$14.99,76,72,simulation,566736,6.03,2.03
Verdun,2015,$24.99,86,70,simulation,557662,14.078,4.192
Eets Munchies,2014,$6.99,80,/,simulation,549179,1.228,0.258
Waveform,2012,$1.99,83,81,simulation,545826,2.27,1.342
Farming Simulator 2013,2013,$19.99,91,/,simulation,542473,73.21,14.336
Time of Dragons,2016,Free,69,/,simulation,542275,1.042,0.084
American Truck Simulator,2016,$19.99,92,76,simulation,540500,46.09,18.258
Kingdom Wars,2013,Free,67,/,simulation,540303,9.138,1.006
Planet Coaster ®,2016,$44.99,91,84,simulation,532609,16.288,8.174
RimWorld,2016,$29.99,96,/,simulation,526297,54.114,26.06
Battle Islands,2014,Free,77,/,simulation,523535,6.3,0.162
Hurtworld,2015,$24.99,80,/,simulation,522549,51.354,12.138
Miscreated,2014,$19.99,70,/,simulation,519393,16.15,4.156
High Octane Drift,2016,Free,45,/,simulation,518406,1.054,0.078
Slime Rancher,2016,$19.99,95,/,simulation,518012,10.354,6.162
HuniePop,2015,$9.99,96,/,simulation,512883,15.306,11.174
Pinball FX2,2013,Free,89,84,simulation,506176,10.012,0.306
RollerCoaster Tycoon 2: Triple Thrill Pack,2014,$9.99,88,74,simulation,505782,9.024,1.066
Reign Of Kings,2015,$4.99,61,/,simulation,504204,37.114,11.222
Cities XL Platinum,2013,$14.99,59,/,simulation,503612,8.042,2.036
Pool Nation FX,2015,Free,62,/,simulation,502034,1.036,0.066
Savage Lands,2015,$14.99,68,/,simulation,497694,7.048,1.252
Scrap Mechanic,2016,$19.99,83,/,simulation,497299,22.114,8.318
I am Bread,2015,$12.99,79,60,simulation,496708,2.246,1.024
Youtubers Life,2016,$14.99,81,/,simulation,493749,11.312,7.216
Revolution Ace,2014,$1.99,74,/,simulation,492368,2.288,2.156
Men of War: Assault Squad 2,2014,$29.99,82,68,simulation,490987,51.102,13.162
Strike Suit Zero,2013,$19.99,80,66,simulation,487633,3.156,1.138
The Guild II,2010,$2.49,66,61,simulation,486450,4.318,1.012
RollerCoaster Tycoon: Deluxe,2014,$5.99,94,/,simulation,478757,14.126,3.132
Morphopolis,2014,$1.99,84,/,simulation,478362,3.114,2.216
Hearts of Iron IV,2016,$39.99,83,83,simulation,473036,84.042,43.168
Endless Sky,2015,Free,89,/,simulation,472839,6.036,0.096
Back to Dinosaur Island,2015,Free,55,/,simulation,467513,0.078,0.024
Thief 2,2012,$6.99,95,87,simulation,467118,3.306,0.09
Among Ripples,2015,Free,71,/,simulation,460806,0.084,0.036
Viscera Cleanup Detail,2015,$12.99,93,/,simulation,460017,7.132,3.342
Car Mechanic Simulator 2014,2014,$6.99,82,/,simulation,451534,5.084,1.312
From Dust,2011,$14.99,63,76,simulation,450351,5.27,2.192
Hacker Evolution,2010,$0.99,66,/,simulation,442460,2.204,1.21
Car Mechanic Simulator 2015,2015,$19.99,92,68,simulation,437134,20.252,7.24
The Hat Man: Shadow Ward,2016,$1.99,70,/,simulation,433189,2.198,1.204
DiRT Rally,2015,$59.99,91,86,simulation,431019,21.066,6.21
DETOUR,2011,$0.49,62,/,simulation,427468,2.324,2.054
The Howler,2016,$1.99,80,/,simulation,426482,3.144,2.33
Arma: Gold Edition,2011,$9.99,72,/,simulation,424509,3.06,0.168
Door Kickers,2014,$19.99,96,83,simulation,423129,7.144,3.036
"Cook, Serve, Delicious!",2013,$9.99,95,/,simulation,420761,7.336,3.108
Hooligan Fighters,2016,Free,56,/,simulation,399654,1.018,0.132
Saviors,2016,$1.99,85,/,simulation,398273,3.204,3.108
Assetto Corsa,2014,$29.99,88,85,simulation,396893,55.06,9.084
Moon Breakers,2012,Free,60,/,simulation,395117,3.066,0.108
The Pirate: Caribbean Hunt,2016,Free,79,/,simulation,392947,5.012,0.192
BeamNG.drive,2015,$24.99,88,/,simulation,391369,28.234,6.102
AdVenture Communist,2016,Free,66,/,simulation,390580,7.312,0.24
Anno Online,2015,Free,50,/,simulation,390186,21.306,0.11399999999999999
Camera Obscura,2015,$1.99,73,/,simulation,389002,3.198,2.2279999999999998
LUFTRAUSERS,2014,$9.99,91,80,simulation,387227,3.222,2.006
Life is Feudal: Your Own,2015,$39.99,67,63,simulation,380717,68.324,9.138
Victory: The Age of Racing,2016,Free,45,/,simulation,374602,2.15,0.144
Scania Truck Driving Simulator,2014,$9.99,76,/,simulation,371643,4.192,0.23399999999999999
The Four Kings Casino and Slots,2015,Free,71,/,simulation,367106,5.174,0.264
Project CARS - Pagani Edition,2016,Free,56,/,simulation,365922,0.258,0.078
Stronghold Legends,2016,$14.99,85,/,simulation,359807,7.204,1.234
The Settlers Online,2015,Free,35,/,simulation,359215,20.03,0.09
Memoir '44 Online,2011,Free,64,/,simulation,357046,5.312,0.336
The Guild II: Renaissance,2010,$2.49,82,56,simulation,356848,19.072,5.186
Governor of poker 3,2016,Free,73,/,simulation,356454,6.318,0.306
Insanity Clicker,2016,Free,66,/,simulation,356454,31.27,1.258
Legend of Mysteria,2015,$1.99,75,/,simulation,351128,4.084,3.18
Mountain,2014,$0.99,87,/,simulation,349550,9.09,0.288
Hacknet,2015,$9.99,93,82,simulation,348958,4.276,2.198
Long Live The Queen,2013,$9.99,95,67,simulation,348761,6.0,3.048
Stronghold 2,2013,$5.99,93,81,simulation,347380,12.012,2.282
Turbo Dismount,2014,$9.99,92,/,simulation,344815,10.114,3.084
Craft The World,2014,$18.99,90,/,simulation,341265,34.33,13.024
Five Nights at Freddy's 3,2015,$7.99,89,68,simulation,339292,3.03,1.15
StarForge,2014,$9.99,14,/,simulation,336333,4.138,1.126
F1 2012,2012,$19.99,89,80,simulation,334952,43.006,10.078
Labyronia RPG,2015,$1.99,73,/,simulation,332190,4.012,3.054
gravilon,2015,$1.99,62,/,simulation,329429,3.24,3.024
Rebel Galaxy,2015,$19.99,87,/,simulation,326864,15.06,5.03
Take On Helicopters,2011,$19.99,56,70,simulation,324300,3.27,0.23399999999999999
Rise of Flight: Channel Battles Edition,2013,Free,51,77,simulation,312661,3.294,0.144
Shower With Your Dad Simulator 2015: Do You Still Shower With Your Dad,2015,$0.99,95,/,simulation,312070,1.138,0.10200000000000001
Greyfox,2015,$0.49,76,/,simulation,310689,3.198,3.09
Labyronia RPG 2,2015,$1.99,77,/,simulation,309702,4.132,3.174
Galactic Civilizations III,2015,$39.99,77,81,simulation,309111,49.138,11.276
Next Car Game: Wreckfest,2014,$39.99,69,/,simulation,308124,6.354,2.066
Godus,,Free,30,/,simulation,305757,19.342,6.096
Godus Wars,2016,$14.99,19,/,simulation,305757,2.078,0.126
Elite Dangerous: Arena,2016,$7.49,42,/,simulation,299050,1.3479999999999999,0.192
Mini Metro,2015,$9.99,96,77,simulation,297275,9.168,4.06
Prominence Poker,2016,Free,76,/,simulation,297078,4.042,0.348
Depression Quest,2014,Free,56,/,simulation,294513,1.3,0.09
Flesh Eaters,2016,$0.99,78,/,simulation,292738,2.252,2.21
Her Story,2015,$5.99,90,86,simulation,292146,2.348,2.126
Ultimate General: Gettysburg,2014,$14.99,86,84,simulation,291554,16.342,2.21
Hacker Evolution - Untold,2010,$0.99,57,/,simulation,291357,2.2279999999999998,1.03
Temper Tantrum,2015,$0.99,39,/,simulation,287215,3.12,3.078
Construction-Simulator 2015,2014,$14.99,72,/,simulation,286820,23.3,9.192
Airscape: The Fall of Gravity,2015,$4.99,86,/,simulation,286425,2.108,1.3
TIS-100,2015,$6.99,97,/,simulation,285636,9.132,2.12
Omerta - City of Gangsters,2013,$19.99,62,/,simulation,285242,14.06,5.2459999999999996
The Guild II - Pirates of the European Seas,2010,$2.49,67,63,simulation,282677,5.06,1.144
Farming Simulator 17,2016,$34.99,93,/,simulation,282480,64.084,30.33
Empyrion - Galactic Survival,2015,$19.99,85,/,simulation,281691,51.0,9.294
Orbital Gear,2014,$9.99,85,59,simulation,281297,2.174,1.162
Planet Explorers,2016,$19.99,73,/,simulation,281099,13.234,3.246
MachineCraft,2016,Free,76,/,simulation,277746,2.072,0.072
Bus Driver,2014,$7.99,67,61,simulation,276168,1.21,0.078
Poly Bridge,2016,$11.99,90,73,simulation,275182,7.306,3.198
Kingdom,2015,Free,86,74,simulation,273801,8.21,5.012
Kingdom: New Lands,2016,$14.99,92,/,simulation,273801,8.282,3.192
ACE COMBAT ASSAULT HORIZON Enhanced Edition,2013,$19.99,61,77,simulation,271236,6.03,2.012
Pixel Puzzles: Japan,2014,$1.04,81,/,simulation,269264,9.186,3.174
Shop Heroes,2016,Free,70,/,simulation,268672,41.078,1.084
60 Seconds!,2015,$9.99,78,/,simulation,267883,3.324,2.072
Galaxy on Fire 2 Full HD,2012,$7.99,74,/,simulation,266502,7.12,1.012
Medieval Engineers,2015,$19.99,73,/,simulation,266107,8.024,2.078
The Slaughtering Grounds,2014,$0.99,35,/,simulation,266107,3.108,3.108
Surgeon Simulator VR: Meet The Medic,2016,Free,75,/,simulation,264727,0.09,0.006
Uncharted Waters Online: Gran Atlas,2014,Free,65,/,simulation,264529,15.198,0.186
Bridge Constructor,2013,$6.99,77,/,simulation,262754,4.0,1.24
Starpoint Gemini 2,2014,$6.99,73,70,simulation,262557,12.348,3.162
Trucks & Trailers,2014,$4.99,63,/,simulation,261373,5.132,0.078
F1 2013,2013,$24.99,85,77,simulation,260979,34.174,9.036
Cities in Motion,2011,$19.99,76,70,simulation,260979,20.132,2.2640000000000002
Hatoful Boyfriend,2014,$9.99,94,68,simulation,260979,3.348,1.198
Fragile Ball,2015,$1.99,69,/,simulation,260781,3.15,3.012
Gnomoria,2016,$14.99,83,/,simulation,259006,26.354,2.162
Interstellar Marines,2013,$9.99,65,/,simulation,257428,3.354,0.324
SEGA Bass Fishing,2011,$7.99,81,/,simulation,256836,2.0,0.108
Planetbase,2015,$19.99,79,70,simulation,256244,25.27,12.216
Jagged Alliance - Back in Action,2012,$19.99,67,62,simulation,254272,62.336,6.324
HIS (Heroes In the Sky),2015,Free,40,/,simulation,252496,1.342,0.078
Intergalactic Bubbles,2015,$1.99,82,/,simulation,251510,4.276,3.174
Google Earth VR,2016,Free,97,/,simulation,248157,1.3,0.144
Tropico 2: Pirate Cove,2009,$6.99,89,/,simulation,247959,8.018,0.24599999999999997
Tropico,2009,$6.99,89,/,simulation,247959,7.102,0.354
Attrition: Nuclear Domination,2015,$0.99,32,/,simulation,247367,4.138,3.024
Reigns,2016,$2.99,92,77,simulation,246973,3.198,1.354
Deadly Profits,2015,$1.99,36,/,simulation,246776,5.012,4.15
Contraption Maker,2014,$6.99,91,/,simulation,246578,2.336,1.102
IL-2 Sturmovik: 1946,2008,$9.99,91,86,simulation,245395,14.348,1.228
Devils Share,2015,$0.99,31,/,simulation,245198,4.114,4.042
Forsaken Uprising,2014,$2.99,30,/,simulation,242830,3.078,3.108
ABZU,2016,$19.99,92,84,simulation,242041,2.12,1.18
Ratventure Challenge,2015,$4.99,68,/,simulation,240069,2.306,2.252
Premium Pool,2016,Free,50,/,simulation,240069,1.012,0.10200000000000001
Destiny Warriors,2015,$1.99,50,/,simulation,239477,4.102,3.18
Secret Of Magia,2015,$1.99,48,/,simulation,238293,3.3,3.132
Takedown: Red Sabre,2014,$4.99,37,34,simulation,236123,3.036,0.336
Seduce Me the Otome,2015,Free,86,/,simulation,231981,4.324,1.174
Tabletopia,2016,Free,51,/,simulation,231192,1.03,0.09
Sparkle 2 Evo,2013,$0.49,73,/,simulation,229811,2.126,1.24
StarMade,2014,$14.99,74,/,simulation,226458,18.042,1.24
Pool Nation,2013,$9.99,90,/,simulation,226458,5.294,3.162
Gun Rocket,2016,$0.49,74,/,simulation,225274,3.2640000000000002,3.18
PARTICLE MACE,2015,$9.99,90,/,simulation,223301,2.3,2.21
Xenonauts,2014,$24.99,90,77,simulation,219948,29.24,8.318
Five Nights at Freddy's: Sister Location,2016,$7.99,93,62,simulation,218173,4.096,1.258
Dungeons 2,2015,$29.99,74,70,simulation,217975,13.294,6.2459999999999996
Professional Farmer 2014,2013,$14.99,49,/,simulation,217975,9.258,2.18
X: Beyond the Frontier,2010,$4.99,74,67,simulation,217778,4.348,0.21
X Rebirth,2013,$29.99,36,33,simulation,214425,42.174,6.066
Toy Soldiers,2012,$9.99,90,71,simulation,214227,6.012,2.084
World of Fishing,2016,Free,54,/,simulation,213241,2.354,0.126
X-Tension,2010,$4.99,73,/,simulation,213044,0.132,0.042
Infinifactory,2015,$24.99,97,/,simulation,211663,10.048,4.042
Rocksmith,2012,$29.99,93,78,simulation,209888,21.216,6.012
Towns,2012,$14.99,25,/,simulation,207718,18.288,2.258
Grand Ages: Rome,2009,$9.99,75,72,simulation,207126,10.348,2.156
IL-2 Sturmovik: Cliffs of Dover,2011,$9.99,67,60,simulation,206140,27.336,2.096
GASP,2016,Free,18,/,simulation,205548,0.09,0.048
Breach & Clear,2014,$14.99,85,/,simulation,205153,5.09,2.042
Bloop,2015,$4.99,44,/,simulation,204561,0.20400000000000001,0.054
16bit Trader,2015,$0.5,36,/,simulation,202983,5.072,4.174
Offworld Trading Company,2016,$39.99,76,79,simulation,202786,9.216,4.354
Big Pharma,2015,$24.99,78,72,simulation,202786,9.018,4.0
From The Depths,2014,$19.99,89,/,simulation,202589,45.252,7.174
Hospital Tycoon,2009,$4.99,46,51,simulation,199235,3.102,0.348
Port Royale 3,2012,$14.99,68,/,simulation,197657,19.054,4.27
Blockland,2013,$9.99,74,/,simulation,196276,22.108,2.018
Rising Angels: Reborn,2014,Free,79,/,simulation,194698,1.15,0.054
Startopia,2013,$6.99,88,86,simulation,193317,3.108,0.174
The Odyssey,2015,$4.99,66,/,simulation,192923,4.162,3.186
Galactic Hitman,2015,$1.99,25,/,simulation,191345,3.234,3.108
Spacebase DF-9,2014,$9.99,21,49,simulation,189175,7.018,3.174
Depth Hunter 2: Deep Dive,2014,$14.99,72,/,simulation,186413,3.114,2.0
Urban Trial Freestyle,2013,$6.99,81,58,simulation,185230,2.276,1.1139999999999999
Stonehearth,2015,$24.99,87,/,simulation,183849,20.06,9.072
Ship Simulator Extremes,2010,$19.99,46,49,simulation,183257,19.162,3.024
Turmoil,2016,$9.99,89,73,simulation,180298,8.0,5.102
The Chosen RPG,2016,$1.99,69,/,simulation,178128,4.06,3.15
Ampu-Tea,2014,$4.99,64,/,simulation,176353,2.276,2.18
STAR WARS: X-Wing vs. TIE Fighter,2015,$9.99,70,/,simulation,175169,2.114,0.078
WWE 2K16,2016,$49.99,66,74,simulation,174183,34.108,12.18
Soccer Manager,2016,Free,62,/,simulation,171619,4.294,0.138
Train Fever,2014,$2.99,65,67,simulation,171027,62.294,10.174
DUNGEONS - The Dark Lord (Steam Special Edition),2011,$19.99,40,72,simulation,170238,2.2640000000000002,0.3
Sun Blast,2015,$1.99,63,/,simulation,170238,3.132,3.0
Unholy Heights,2013,$3.19,90,/,simulation,169251,4.204,2.084
Radiator 2,2016,Free,85,/,simulation,168857,0.21,0.066
realities,2016,Free,80,/,simulation,168068,0.12,0.06
Call to Arms,2016,Free,62,/,simulation,165898,10.192,3.072
theHunter: Primal,2015,$9.99,61,49,simulation,164714,15.144,3.216
Wind of Luck: Arena,2015,Free,56,/,simulation,164320,3.144,0.132
Merchants of Kaidan,2014,$1.49,68,/,simulation,163925,6.078,6.114
My Summer Car,2016,$14.99,90,/,simulation,162150,15.132,8.078
BigScreen,2016,Free,91,/,simulation,161953,2.294,0.132
Trainz Simulator 12,2011,$24.99,54,/,simulation,161755,28.222,1.18
Ragnarok Clicker,2016,Free,70,/,simulation,161361,58.234,2.282
Waltz of the Wizard,2016,Free,99,/,simulation,160769,1.21,0.198
One Manga Day,2015,Free,57,/,simulation,160769,0.258,0.054
Survivalist,2015,$4.99,81,/,simulation,160375,12.198,1.138
Incredipede,2013,$9.99,74,74,simulation,160177,1.018,0.156
LuckCatchers,2016,Free,54,/,simulation,159388,7.2459999999999996,0.06
Evolution RTS,2014,Free,46,/,simulation,158205,1.288,0.072
Pixel Puzzles 2: Anime,2015,$9.99,81,/,simulation,157021,6.156,3.204
Jet Racing Extreme,2015,$3.99,75,/,simulation,155838,3.324,1.198
Metaverse Construction Kit,2015,Free,68,/,simulation,155246,0.11399999999999999,0.036
Pixel Puzzles: UndeadZ,2014,$6.99,73,/,simulation,155246,6.012,4.216
Bridge Project,2013,$19.99,51,/,simulation,153273,2.198,1.03
Space Rangers HD: A War Apart,2013,$14.99,95,68,simulation,152681,50.258,9.03
Romance of the Three Kingdoms 13 / ä¸‰åœ‹å¿—13,2016,$59.99,61,/,simulation,152287,93.132,40.312
Wyatt Derp,2016,$0.99,27,/,simulation,152090,3.132,3.108
Trimmer Tycoon,2016,Free,62,/,simulation,151892,0.138,0.066
Written in the Sky,2015,Free,78,/,simulation,150314,0.27,0.096
Sins Of The Demon,2016,$1.99,86,/,simulation,149525,3.168,3.102
STAR WARS: X-Wing Special Edition,2015,$9.99,67,/,simulation,149131,2.276,0.09
Weapons Genius,2015,$4.99,53,/,simulation,148144,1.0,0.18
Make it indie!,2015,$0.99,41,/,simulation,147750,3.318,3.102
Lovers in a Dangerous Spacetime,2015,$14.99,95,80,simulation,147355,5.042,2.102
Rolling Sun,2015,$4.99,52,/,simulation,146961,3.2279999999999998,3.132
Creeper World 3: Arc Eternal,2014,$14.99,96,/,simulation,146566,27.216,10.222
CUPID - A free to play Visual Novel,2016,Free,87,/,simulation,145185,1.288,0.20400000000000001
TransOcean - The Shipping Company,2014,$19.99,68,/,simulation,145185,27.348,8.228
Battle Ranch,2015,$1.99,52,/,simulation,143805,4.318,3.168
Eastside Hockey Manager: Early Access,2015,$19.99,86,/,simulation,142424,133.288,8.288
Wings of Prey,2010,$9.99,72,78,simulation,140846,18.144,5.228
The Cubicle,2016,Free,87,/,simulation,140451,0.06,0.036
Data Hacker: Initiation,2014,$2.99,71,/,simulation,140057,3.174,0.22799999999999998
State of Decay: Year-One,2015,$29.99,70,/,simulation,138873,21.276,7.18
Survival: Postapocalypse Now,2015,$2.49,57,/,simulation,138873,7.258,2.03
SimplePlanes,2015,$12.99,92,67,simulation,138676,13.288,3.27
HunieCam Studio,2016,$6.99,80,/,simulation,138676,10.186,4.126
Cubicle Quest,2015,$4.99,77,/,simulation,138478,4.042,3.048
Drift Streets Japan,2015,$2.99,73,/,simulation,138084,10.108,3.066
SC2VN - The eSports Visual Novel,2015,Free,93,/,simulation,137887,9.156,0.144
Vengeance Road,2016,$1.99,74,/,simulation,137098,3.132,3.066
F1 2016,2016,$59.99,85,86,simulation,135914,35.318,15.33
Romance of the Three Kingdoms Maker,2015,$9.99,65,/,simulation,135914,12.192,0.054
Patrician III,2010,$4.99,76,75,simulation,135519,10.084,0.20400000000000001
Lunar Flight,2012,$14.99,85,/,simulation,134928,2.222,0.312
Destinations,2016,Free,95,/,simulation,134730,0.24599999999999997,0.108
Absolute Drift,2015,$11.99,90,66,simulation,134336,4.0,1.024
Monster Loves You!,2013,$9.99,77,/,simulation,134336,2.09,1.174
Silent Hunter III,2008,$9.99,88,90,simulation,134139,21.192,3.348
Holy Potatoes! A Weapon Shop!,2015,$14.99,80,69,simulation,134139,8.108,5.006
Paranormal Psychosis,2016,$0.99,32,/,simulation,134139,3.192,3.108
Enforcer: Police Crime Action,2014,$19.99,54,/,simulation,133547,6.0,4.03
War of Beach,2015,Free,59,/,simulation,133152,22.246,0.12
Order of Battle : Pacific,2015,Free,69,81,simulation,130982,25.066,1.204
Transport Fever,2016,$34.99,75,71,simulation,130588,44.324,21.06
Kenshi,,$19.99,85,/,simulation,129996,29.186,6.048
Imperium Romanum: Gold Edition,2008,$9.99,82,63,simulation,129602,8.138,1.324
The Guild Gold Edition,2014,$9.99,71,82,simulation,129404,3.042,0.138
Kinetic Void,2014,$19.99,26,/,simulation,129404,3.27,1.126
Universal Combat CE,2015,$9.99,38,/,simulation,128418,2.318,0.06
Sepia Tears,2016,Free,89,/,simulation,128418,1.138,0.10200000000000001
HomeBehind,2016,$5.99,90,/,simulation,128024,13.036,8.282
Influent,2014,$9.99,74,/,simulation,127037,1.3479999999999999,0.18
Tea Party Simulator 2015,2015,$9.99,65,/,simulation,125459,4.036,4.066
RollerCoaster Tycoon World,2016,$34.99,30,43,simulation,124078,10.138,3.324
VA-11 HALL-A,2016,$14.99,98,/,simulation,123684,8.024,4.354
Fairytales: Three Heroes,2015,$4.99,78,/,simulation,123289,4.198,4.096
Train Valley,2015,$9.99,91,69,simulation,122500,5.21,2.09
Job Simulator,2016,$29.99,87,/,simulation,120133,4.072,2.054
Air Conflicts: Pacific Carriers,2012,$12.99,42,/,simulation,118949,5.06,0.288
Out of the Park Baseball 17,2016,$19.99,91,92,simulation,118752,86.228,6.0
Jagged Alliance: Crossfire,2012,$14.99,60,63,simulation,117766,45.288,2.252
GT Legends,2012,$7.99,90,84,simulation,117371,2.03,0.006
AltspaceVR,2016,Free,87,/,simulation,116780,1.318,0.12
Winning Putt,2016,Free,67,/,simulation,115399,7.096,0.216
Sparkle 3 Genesis,2015,$0.49,65,/,simulation,115004,4.174,4.138
Spaceport Hope,2016,$1.99,82,/,simulation,113229,3.216,3.15
Sengoku,2011,$9.99,67,70,simulation,113032,5.078,1.204
Invasion: Brain Craving,2016,$0.99,45,/,simulation,112834,4.006,3.18
Plantera,2016,$2.99,88,/,simulation,112440,12.132,3.06
OMSI 2,2013,$34.99,76,/,simulation,111848,93.18,22.282
Oh...Sir! The Insult Simulator,2016,$1.49,95,66,simulation,111059,2.204,1.24
Skyward Collapse,2013,$0.99,42,64,simulation,111059,2.084,1.108
Squirbs,2016,$4.99,66,/,simulation,111059,3.288,3.066
Puddle,2012,$7.99,74,/,simulation,110664,2.168,1.012
Iron Sky Invasion,2012,$19.99,56,/,simulation,110270,2.156,0.288
Overcooked,2016,$16.99,93,81,simulation,109875,6.072,3.138
Majesty: Gold Edition,2009,$9.99,94,/,simulation,109875,13.342,0.192
Cities XXL,2015,$14.99,26,47,simulation,109481,16.318,4.198
Dream Pinball 3D,2012,$6.99,28,61,simulation,109284,0.264,0.072
FortressCraft Evolved,2015,$12.99,76,/,simulation,109086,24.234,2.006
The Solus Project,2016,$19.99,81,68,simulation,108495,3.234,1.06
Majesty 2,2009,$9.99,74,72,simulation,107508,18.324,7.324
Agricultural Simulator: Historical Farming,2013,$9.99,22,/,simulation,107114,1.09,0.072
Skeet: VR Target Shooting,2016,Free,82,/,simulation,106325,0.18,0.072
State of Anarchy,2016,$1.99,87,/,simulation,106127,3.15,3.156
Lucid9,2016,Free,93,/,simulation,103366,3.066,0.108
The Magic Circle,2015,$19.99,92,79,simulation,102971,2.348,2.216
Miner Wars 2081,2012,$9.99,34,52,simulation,102774,2.306,0.288
Road Redemption,2014,$19.99,84,/,simulation,102774,4.156,1.288
JDM Tuner Racing,2016,$0.99,49,/,simulation,101985,0.20400000000000001,0.072
Biodrone Battle,2015,$1.99,62,/,simulation,101985,4.198,3.192
Anno 2205,2015,$39.99,58,72,simulation,101788,29.174,15.21
Airline Tycoon 2,2011,$9.99,13,57,simulation,100999,4.2459999999999996,1.084
Disturbed,2016,Free,93,/,simulation,100999,0.306,0.10200000000000001
Folk Tale,,$19.99,70,/,simulation,100801,7.132,2.342
WWE 2K15,2015,$49.99,68,70,simulation,100209,27.21,11.198
Shoppe Keep,2016,$9.99,80,/,simulation,100012,8.03,4.018
Rake,2015,$4.99,74,/,simulation,99618,1.186,0.216
Splatter - Blood Red Edition,2014,$0.49,90,/,simulation,99618,3.222,2.15
Theatre of War 2: Africa 1943,2010,$4.99,63,63,simulation,99223,4.282,0.294
If My Heart Had Wings,2014,$4.94,92,/,simulation,98434,11.114,3.3
The Decimation of Olarath,2016,$0.99,23,/,simulation,98237,3.108,3.09
What's under your blanket !?,2016,$0.99,85,/,simulation,97645,2.012,0.132
Agricultural Simulator 2013 Steam Edition,2013,$9.99,22,/,simulation,96659,5.03,0.15
"Demolition, Inc.",2011,$5.99,78,/,simulation,95870,2.024,1.036
Mad Games Tycoon,2016,$14.99,91,/,simulation,95475,17.186,9.03
One Thousand Lies,2016,Free,93,/,simulation,95081,1.354,0.066
Aircraft War X,2016,$2.99,59,/,simulation,94883,4.018,3.066
Evochron Mercenary,2012,$19.99,80,70,simulation,94489,7.18,2.18
Simutrans,2016,Free,74,/,simulation,93897,1.186,0.024
Back to Dinosaur Island Part 2,2016,Free,69,/,simulation,93700,1.102,0.054
Combat Wings: Battle of Britain,2009,$4.99,77,/,simulation,93305,3.246,0.354
Worlds Adrift Island Creator,2016,Free,86,/,simulation,93305,1.09,0.11399999999999999
Naval Action,2016,$39.99,74,/,simulation,93108,97.162,15.012
Ashes of the Singularity,2016,$9.99,65,69,simulation,92911,7.096,2.186
Lucius II,2015,$19.99,61,48,simulation,91924,5.252,2.252
Dawn of Discovery,2009,$9.99,88,82,simulation,91333,37.312,8.0
Iron Front : Liberation 1944,2012,$14.99,64,55,simulation,90938,13.168,3.09
The Last Federation,2014,$4.59,73,72,simulation,90741,6.03,2.21
Silent Hunter 5: Battle of the Atlantic,,$9.99,44,62,simulation,89952,26.0,6.138
SuperPower 2 Steam Edition,2014,$9.99,79,/,simulation,88571,22.156,3.24
Teddy Floppy Ear - The Race,2015,$1.09,76,/,simulation,88176,5.156,5.276
Fate of the World,2011,$9.99,79,70,simulation,86401,4.306,1.09
Flight of the Paladin,2015,$1.99,56,/,simulation,86401,4.348,3.18
Sirius Online,2015,Free,67,/,simulation,85612,3.12,2.18
F1 2010,2010,$9.99,69,84,simulation,84823,39.144,10.306
Imperia Online,2016,Free,36,/,simulation,84034,4.156,0.054
The Isle,2015,$19.99,65,/,simulation,83442,51.216,8.264
GTR 2 - FIA GT Racing Game,2012,$7.99,94,/,simulation,83442,0.252,0.006
Cosmonautica,2015,$9.99,57,/,simulation,83442,9.15,4.018
Silent Hunter: Wolves of the Pacific,2008,$9.99,68,79,simulation,83048,17.018,3.222
Post Master,2014,$4.99,45,/,simulation,82850,2.234,1.294
Mr.President!,2016,$1.99,72,/,simulation,82456,2.216,1.18
Game Tycoon 1.5,2014,$2.99,11,/,simulation,82061,3.012,3.078
Dinosaur Hunt: Africa Contract,2015,$0.99,63,/,simulation,81864,2.114,1.138
Bus Simulator 16,2016,$24.99,55,/,simulation,80878,11.078,5.348
Farming Simulator 2011,2010,$9.99,86,/,simulation,80878,52.186,17.234
X-Plane 10 Global - 64 Bit,2014,$49.99,68,/,simulation,80483,43.018,4.192
Bridge Constructor Medieval,2014,$6.99,80,/,simulation,80483,3.24,1.186
Bridge Constructor Playground,2014,$6.99,64,/,simulation,79891,1.264,0.216
Kill The Bad Guy,2014,$9.99,66,/,simulation,79891,1.354,0.33
Mystic Destinies: Serendipity of Aeons,2016,Free,82,/,simulation,79102,2.096,0.126
Gaokao.Love.100Days,2015,$9.99,95,/,simulation,78708,7.036,4.342
PULSAR: Lost Colony,2015,$24.99,91,/,simulation,78511,10.312,7.072
Atom Fishing II,2016,Free,73,/,simulation,78313,6.006,0.144
Badland Bandits,2015,Free,49,/,simulation,77919,1.06,0.084
Wildlife Park 3,2014,$7.99,52,/,simulation,77722,7.102,1.3479999999999999
Halcyon 6: Starbase Commander,2016,$19.99,79,72,simulation,77130,10.234,4.324
High Profits,2017,Free,50,/,simulation,76538,6.132,0.276
Zaccaria Pinball,2016,Free,79,/,simulation,76538,1.336,0.066
Who Is Mike,2015,Free,92,/,simulation,76341,0.18,0.138
Motorsport Manager,2016,$34.99,90,81,simulation,75946,50.294,28.162
Cargo! - The quest for gravity,2011,$9.99,81,/,simulation,75946,2.186,1.012
Nexus: The Jupiter Incident,2007,$9.99,86,77,simulation,75552,11.24,3.126
STAR WARSâ„¢: Rogue Squadron 3D,2016,$9.99,77,/,simulation,75157,1.204,0.20400000000000001
Air Conflicts - Secret Wars,2011,$7.99,60,65,simulation,74960,4.126,1.048
Game Corp DX,2015,$2.99,88,/,simulation,74960,5.264,3.12
Zoo Park,2014,$4.99,60,/,simulation,73184,1.324,0.096
March of the Eagles,2013,$19.99,66,71,simulation,72987,10.318,3.15
Caesar 3,2016,$5.99,85,/,simulation,72987,13.072,2.078
Airport Simulator 2014,2013,$9.99,13,/,simulation,72198,2.12,0.108
Ultimate Arena,2016,$2.99,84,/,simulation,72198,3.132,3.078
Off-Road Drive,2011,$4.99,62,60,simulation,72001,3.312,1.042
Woodcutter Simulator 2013,2013,$9.99,28,/,simulation,70226,1.006,0.09
Shake Your Money Simulator 2016,2016,$0.99,64,/,simulation,69042,2.156,2.354
Emily Wants To Play,2015,$4.99,82,/,simulation,68845,1.258,0.27
OCEAN CITY RACING,2014,$1.49,37,/,simulation,68253,1.216,0.11399999999999999
Out of Reach,2015,$14.99,66,/,simulation,68253,12.258,3.168
Artemis Spaceship Bridge Simulator,2013,$6.99,91,/,simulation,67464,3.21,2.036
Grand Ages: Medieval,2015,$29.99,43,63,simulation,67069,20.264,8.0
Farming World,2014,$4.99,38,/,simulation,67069,3.144,2.114
Pacific Storm: Allies,2008,$7.99,55,60,simulation,66872,16.354,2.282
The FOO Show,2016,Free,96,/,simulation,66872,0.084,0.042
Rescue: Everyday Heroes,2013,$9.99,58,/,simulation,66872,4.072,2.084
theBlu,2016,$9.99,88,/,simulation,66872,6.138,1.006
See No Evil,2014,$0.49,75,/,simulation,66478,2.24,2.204
8-Bit Armies,2016,$14.99,85,/,simulation,66478,6.18,2.174
Gratuitous Tank Battles,2012,$9.99,55,69,simulation,66280,2.054,0.24599999999999997
Take On Mars,2013,$21.99,66,/,simulation,66083,10.066,3.276
Dyscourse,2015,$14.99,79,71,simulation,65886,2.318,1.3
Theatre of War 2: Kursk 1943,2010,$4.99,66,/,simulation,65097,9.114,1.15
Zafehouse: Diaries,2013,$4.99,68,/,simulation,64505,5.06,2.204
F1 2011,2011,$14.99,75,83,simulation,64308,25.048,9.156
Project Highrise,2016,$19.99,82,73,simulation,63913,9.258,5.348
The VR Museum of Fine Art,2016,Free,96,/,simulation,63519,0.06,0.03
Skyscraper Simulator,2013,$3.99,12,/,simulation,63519,1.156,0.216
Rise of Venice,2013,$24.99,54,66,simulation,63124,17.12,4.348
DRAGON: A Game About a Dragon,2015,$0.49,71,/,simulation,62730,2.168,2.054
Exanima,2015,$14.99,84,/,simulation,62532,13.042,4.288
Toy Soldiers: Complete,2016,$14.99,76,/,simulation,62138,5.276,3.174
Rig 'n' Roll,2010,$4.99,48,61,simulation,61940,5.21,0.33
Dovetail Games Fishing,2015,$19.99,65,/,simulation,61151,14.102,2.27
"7 Grand Steps, Step 1: What Ancients Begat",2013,$19.99,60,/,simulation,61151,6.24,2.354
Knights of Pen and Paper 2,2015,$7.99,84,/,simulation,61151,9.012,5.114
Software Inc.,2015,$13.99,93,/,simulation,60954,20.204,9.216
Pro Cycling Manager 2015,2015,$19.99,56,/,simulation,60757,90.018,49.09
Trick and Treat - Visual Novel,2016,Free,90,/,simulation,60757,0.324,0.10200000000000001
Faces of War,2014,$4.99,86,67,simulation,60165,6.282,1.33
Parkan 2,2014,$3.99,65,/,simulation,60165,2.168,1.108
World of Zoo,2009,$14.99,81,/,simulation,60165,16.174,0.18
Distant Worlds: Universe,2014,$59.99,78,81,simulation,59968,59.156,11.06
The Body VR,2016,Free,99,/,simulation,59968,0.138,0.078
The Great Art Race,,$4.99,66,/,simulation,59771,2.144,0.132
Sakura Beach,2015,$9.99,79,/,simulation,59771,5.282,3.042
SOL: Exodus,2012,$7.99,48,57,simulation,59376,2.042,0.312
Starpoint Gemini,2012,$3.49,32,46,simulation,58982,4.204,1.1139999999999999
Happy Room,2016,$4.99,85,/,simulation,57995,4.018,2.336
Automation - The Car Company Tycoon Game,2015,$29.99,86,/,simulation,57206,21.246,5.12
Kingdom Wars 2: Battles,2016,$18.99,70,/,simulation,57206,7.12,2.258
MSI Electric City,2016,Free,78,/,simulation,57206,1.258,0.036
Operation: New Earth,2016,Free,48,/,simulation,55628,7.012,0.06
Helicopter Simulator 2014: Search and Rescue,2014,$6.99,30,/,simulation,55234,1.1320000000000001,0.12
Life is Feudal: Forest Village,2016,$24.99,71,/,simulation,55036,15.27,5.156
Pixel Puzzles 2: Birds,2015,$9.99,78,/,simulation,54642,18.186,3.3
Warehouse and Logistics Simulator,2014,$9.99,39,/,simulation,54445,0.27,0.12
Jalopy,2016,$12.99,83,/,simulation,54247,6.33,3.162
Hegemony Rome: The Rise of Caesar,2014,$19.99,64,/,simulation,54247,22.138,2.258
Children of the Nile,2008,$7.99,81,75,simulation,54050,13.342,2.162
Redshirt,2013,$9.99,41,62,simulation,52669,2.354,1.168
Silent Hunter: Wolves of the Pacific U-Boat Missions,2008,$9.99,77,/,simulation,52472,28.21,3.312
Industry Giant 2,2015,$9.99,80,/,simulation,52472,17.084,4.2459999999999996
Restaurant Empire II,2009,$4.99,58,64,simulation,51880,11.354,2.018
Blueprint Tycoon,2016,$2.99,81,/,simulation,51486,3.126,1.156
Rebuild 3: Gangs of Deadsville,2015,$14.99,88,75,simulation,50499,22.276,12.096
Towtruck Simulator 2015,2014,$9.99,16,/,simulation,50105,0.264,0.096
Bridge It (plus),2013,$6.99,66,/,simulation,49513,2.234,1.042
Welcome to the Game,2016,$1.99,82,/,simulation,49513,1.342,1.03
Sunrider Academy,2015,$9.99,87,/,simulation,49513,10.246,5.174
M.U.D. TV,2010,$9.99,44,53,simulation,49316,4.204,2.048
Hotel Giant 2,2010,$7.99,36,58,simulation,49118,6.234,0.216
Parkitect,2016,$17.99,89,/,simulation,49118,8.21,3.09
Blue Rose,2015,$19.99,66,/,simulation,48921,4.114,3.21
Orwell,2016,$9.99,93,76,simulation,48724,4.054,3.162
Make America Great Again: The Trump Presidency,2016,$2.24,90,/,simulation,48724,2.042,1.21
Hunting Unlimited 2010,2009,$9.99,76,/,simulation,48132,6.312,2.042
The Golf Club,2014,$29.99,63,70,simulation,47738,27.216,5.102
FLYING TIGERS: SHADOWS OVER CHINA,2015,$15.99,77,/,simulation,47738,3.33,3.024
18 Wheels of Steel: Extreme Trucker,2009,$9.99,68,/,simulation,47738,4.012,1.126
IL-2 Sturmovik: Battle of Stalingrad,2014,$49.99,72,74,simulation,47146,38.036,6.09
Agricultural Simulator 2011: Extended Edition,2011,$3.99,49,/,simulation,46949,2.144,0.12
Democracy 2,2012,$19.99,53,/,simulation,45962,4.294,2.018
MXGP - The Official Motocross Videogame,2014,$19.99,78,/,simulation,45962,22.354,5.306
SHENZHEN I/O,2016,$14.99,97,/,simulation,45962,11.15,5.03
Basement,2015,$8.99,86,/,simulation,45765,7.084,3.084
Firefighters 2014,2014,$19.99,57,/,simulation,45568,11.18,7.114
Doodle God,2015,$5.99,74,/,simulation,45370,4.012,2.354
Battleplan: American Civil War,2014,$9.99,61,66,simulation,45173,2.012,1.102
Showtime!,2014,$5.99,66,/,simulation,44976,5.264,3.234
Roommates,2014,$24.99,78,/,simulation,44976,4.222,2.252
Wildlife Park 2,2014,$6.99,70,/,simulation,44779,10.084,3.096
European Ship Simulator,2016,$19.99,42,/,simulation,44384,4.114,1.282
Construction Machines 2014,2014,$6.99,10,/,simulation,44187,0.354,0.084
Farm Machines Championships 2014,2014,Free,40,/,simulation,43990,1.048,0.222
Yu-Gi-Oh! Legacy of the Duelist,2016,$19.99,90,/,simulation,43990,25.27,11.246
Super Star,2016,$1.99,82,/,simulation,43595,2.2640000000000002,2.018
Retro-Pixel Castles,2014,$9.99,88,/,simulation,43398,5.294,2.006
Paranormal,2013,$9.99,70,/,simulation,43201,2.048,1.234
Pre-Civilization Marble Age,2015,$5.99,86,/,simulation,43003,8.078,3.204
GoD Factory: Wingmen,2014,$19.99,71,76,simulation,42806,6.048,1.228
Pro Cycling Manager 2016,2016,$29.99,54,64,simulation,42806,75.342,44.012
"Hot Dogs, Horseshoes & Hand Grenades",2016,$19.99,95,/,simulation,42806,4.234,2.336
Super Duper Party Pooper,2016,$0.99,88,40,simulation,42411,3.234,4.036
Seven Kingdoms 2 HD,2015,$3.99,80,/,simulation,42411,12.102,0.27
Twilight Struggle,2016,$14.99,84,/,simulation,42411,25.072,5.252
Space Pirates and Zombies 2,2016,$19.99,83,/,simulation,42411,17.18,9.132
RIDE: Game,2015,$9.99,72,68,simulation,41425,21.036,9.33
Final Approach,2016,$14.99,94,/,simulation,41228,1.1320000000000001,0.252
Pandora: First Contact,2014,$29.99,65,68,simulation,41031,15.036,5.138
My Name is Mayo,2016,$0.99,82,/,simulation,41031,1.264,0.294
Making History II: The War of the World,2010,$14.99,78,38,simulation,40636,53.186,5.228
Holopoint,2016,$14.99,94,/,simulation,40636,2.054,0.318
"7,62 High Calibre",2014,$4.99,75,/,simulation,40636,7.348,2.162
Kitty Powers' Matchmaker,2015,$9.99,94,/,simulation,40636,12.162,7.078
Homebrew - Vehicle Sandbox,2014,$17.99,70,/,simulation,40636,5.354,1.096
The Curious Expedition,2016,$14.99,88,74,simulation,40439,9.126,4.204
Victory At Sea,2014,$24.99,76,/,simulation,40439,24.306,4.156
The Tomorrow War,2014,$2.99,48,/,simulation,39650,3.018,2.06
Luxuria Superbia,2014,$6.99,74,/,simulation,39650,0.198,0.048
rFactor,2015,$24.99,90,/,simulation,39453,10.24,1.078
Cat Goes Fishing,2015,$6.99,92,/,simulation,39255,7.294,4.0
Sparkle ZERO,2016,$4.99,54,/,simulation,39255,3.15,3.102
Lords of Football,2013,$14.99,48,52,simulation,38861,6.036,1.288
Pool Nation VR,2016,$19.99,95,/,simulation,38861,2.234,0.288
World Ship Simulator,2016,$19.99,25,/,simulation,38861,1.096,0.12
Sid Meier's Colonization (Classic),2014,$6.99,88,/,simulation,38663,22.21,8.186
Block'hood,2016,$9.99,81,/,simulation,38466,2.288,1.054
Air Guardians,2015,$2.99,52,/,simulation,38269,0.186,0.10200000000000001
Wildlife Park 2 - Fantasy,2014,$0.99,44,/,simulation,38072,1.108,0.048
X-note,2015,$19.99,86,/,simulation,38072,2.348,2.33
911: First Responders,2014,$4.99,85,/,simulation,37874,15.21,3.246
Catlateral Damage,2015,$9.99,91,/,simulation,37677,3.108,0.33
Empire TV Tycoon,2015,$9.99,78,/,simulation,37677,4.3,1.282
Farming Giant,2013,$9.99,19,/,simulation,37677,3.138,0.084
Bus-Simulator 2012,2013,$9.99,34,/,simulation,37480,7.066,3.078
Space Colony,2015,$14.99,73,74,simulation,36691,6.27,2.162
Onward,2016,$24.99,92,/,simulation,36296,9.162,2.258
Jane's Advanced Strike Fighters,2012,$9.99,28,/,simulation,35705,2.162,0.198
Cosmic Sugar VR,2016,Free,97,/,simulation,35705,0.11399999999999999,0.03
Mining & Tunneling Simulator,2014,$9.99,21,/,simulation,35507,0.264,0.09
hack_me,2017,$3.99,73,/,simulation,35310,2.03,1.174
Quantum Rush Champions,2014,$9.99,57,/,simulation,35310,4.126,4.132
ä¾ å®¢é£Žäº‘ä¼ (Tale of Wuxia),2016,$16.99,77,/,simulation,35113,40.258,23.198
Riptide GP2,2014,$6.99,89,/,simulation,34916,3.024,1.204
Crash Drive 2,2015,$4.99,84,/,simulation,34521,2.27,1.246
Lightsaber VR,2016,$3.99,86,/,simulation,34521,1.096,0.192
New Star Soccer 5,2012,$14.99,64,/,simulation,34521,10.18,4.138
Magical Otoge Ciel,2016,Free,94,/,simulation,33929,2.276,0.276
Farm for your Life,2014,$9.99,80,/,simulation,33929,7.138,3.342
ZenBlade,2016,$14.99,85,/,simulation,33929,2.204,1.066
Fernbus Simulator,2016,$34.99,48,/,simulation,33732,10.174,4.12
Liftoff,2015,$19.99,81,/,simulation,33732,20.228,6.078
0RBITALIS,2015,$9.99,72,73,simulation,33535,1.336,0.276
Transport Giant,2014,$9.99,39,/,simulation,33337,15.072,2.246
Beyond Space,2014,$4.99,38,/,simulation,33337,1.312,1.12
Smooth Operators,2014,$2.99,73,/,simulation,33337,3.174,1.354
Pro Gamer Manager,2016,$12.99,55,/,simulation,33140,9.144,5.144
Vector Thrust,2015,$24.99,63,57,simulation,32943,5.114,1.12
MotoGP13,2013,$19.99,73,/,simulation,32943,14.342,4.078
Modbox,2016,$19.99,92,/,simulation,32943,2.18,0.186
Governor of Poker 2: Premium Edition,2010,$14.99,84,/,simulation,32943,30.228,11.306
Automobilista,2016,$39.99,87,/,simulation,32746,25.228,5.348
House of the Dying Sun,2016,$19.99,89,76,simulation,32351,1.354,1.036
Maia,2013,$24.99,47,/,simulation,32154,4.3,0.3
Bientt l't,2013,$9.99,46,62,simulation,31957,34.33,0.12
SimpleRockets,2015,$7.99,87,/,simulation,31957,4.234,3.126
Feed and Grow: Fish,2016,$14.99,75,/,simulation,31957,12.084,4.108
Street Legal Racing: Redline v2.3.1,2016,$9.99,81,/,simulation,31759,12.204,6.168
8-Bit Hordes,2016,$14.99,84,/,simulation,31759,3.15,1.24
Life is Hard,2015,$8.99,72,/,simulation,31562,3.204,3.03
RPG Tycoon,2016,$9.99,65,/,simulation,31562,2.12,1.1139999999999999
Valhalla Hills,2015,$29.99,66,69,simulation,31365,8.042,3.006
VoidExpanse,2015,$14.99,67,59,simulation,31168,13.21,5.288
The Sandbox,2015,$4.99,63,/,simulation,31168,12.324,3.198
Atlantic Fleet,2016,$9.99,85,/,simulation,31168,21.222,3.0
rFactor 2,2015,$31.99,75,/,simulation,31168,44.15,12.186
Codename: Panzers - Cold War,2009,$14.99,60,/,simulation,30970,9.096,1.27
Roller Coaster Rampage,2012,$9.99,57,/,simulation,30773,1.246,0.126
Pro Cycling Manager 2013,2013,$9.99,71,/,simulation,30773,71.18,12.078
House of Caravan,2015,$4.99,72,/,simulation,30576,2.21,2.036
Wings! Remastered Edition,2014,$14.99,80,61,simulation,30378,3.156,2.006
The Last Leviathan,2016,$9.99,87,/,simulation,30181,4.2459999999999996,1.198
Pro Cycling Manager 2014,2014,$9.99,67,/,simulation,29984,79.282,26.168
A.I.M.2 Clan Wars,2014,$2.99,81,/,simulation,29589,11.18,5.18
City Car Driving,2016,$24.99,72,/,simulation,29195,6.354,3.06
Pole Position 2012,2012,$5.99,11,/,simulation,29195,6.12,1.222
Fruit Ninja VR,2016,$14.99,92,/,simulation,28998,4.162,1.084
Stock Car Extreme,2015,$9.99,88,/,simulation,28998,24.306,4.108
The Dweller,2016,$4.99,97,/,simulation,28800,2.324,2.288
Envy the Dead,2016,$4.99,70,/,simulation,28603,3.09,3.102
Angels Fall First,2015,$17.99,79,/,simulation,28603,4.264,1.174
Panzer Tactics HD,2014,$9.99,71,69,simulation,28406,21.162,5.354
Ultimate General: Civil War,2016,$29.99,93,/,simulation,28011,32.048,13.24
Among the Heavens,2015,$2.99,86,/,simulation,28011,4.216,3.192
Smugglers 5,2014,$9.99,59,/,simulation,27617,10.342,4.216
Air Conflicts: Vietnam,2013,$17.99,26,43,simulation,27420,2.222,0.288
Asphyxia,2015,$5.99,75,/,simulation,27420,4.18,3.24
Demolition Company Gold,2011,$9.99,82,/,simulation,27420,8.288,3.348
Grass Simulator,2015,$4.99,51,/,simulation,27420,1.33,0.306
TransOcean 2: Rivals,2016,$24.99,41,69,simulation,27222,21.072,7.312
Battlestation: Harbinger,2016,$9.99,81,/,simulation,27222,13.006,5.036
Echelon,2014,$3.99,43,70,simulation,27025,3.24,3.114
MiniDrivers,2015,$5.99,62,/,simulation,27025,4.198,4.084
Habitat,2016,$14.99,55,/,simulation,26828,4.114,1.0
Supreme Ruler 1936,2014,$19.99,74,/,simulation,26630,35.072,10.078
Salvation Prophecy,2013,$19.99,65,/,simulation,26630,2.33,1.072
The Graveyard,2009,$4.99,63,/,simulation,26433,62.33,0.072
City Life 2008,2008,$9.99,59,/,simulation,26433,8.168,2.204
The Dolls,2016,$4.99,53,/,simulation,26236,2.282,2.2279999999999998
Infectonator : Survivors,2016,$11.99,69,/,simulation,26039,7.174,3.09
Pharaoh + Cleopatra,2016,$9.99,85,/,simulation,25841,9.318,1.186
Dead In Bermuda,2015,$14.99,81,/,simulation,25841,5.264,4.066
Ski Region Simulator,2014,$9.99,74,/,simulation,25841,12.006,2.288
it's always monday,2016,Free,80,/,simulation,25841,0.186,0.12
Sid Meier's Covert Action (Classic),2014,$6.99,89,/,simulation,25841,2.114,0.108
Lethis - Path of Progress,2015,$19.99,76,65,simulation,25644,10.294,4.294
Hyper color ball,2016,$0.49,55,/,simulation,25644,3.036,3.072
Flashout 2,2014,$4.99,61,/,simulation,25644,1.09,0.15
DIG IT! - A Digger Simulator,2014,$17.99,58,/,simulation,25644,9.048,2.33
Super Duper Flying Genocide 2017,2016,$0.99,69,/,simulation,25447,2.078,2.132
ROD: Revolt Of Defense,2016,$0.99,82,/,simulation,25052,1.3479999999999999,0.33
Urban Empire,2017,$39.99,52,/,simulation,24855,4.24,3.186
Supreme Ruler Ultimate,2014,$29.99,75,/,simulation,24855,43.312,9.222
"Once Bitten, Twice Dead!",2015,$4.99,17,/,simulation,24855,3.288,4.012
Summer Sale,2016,$0.99,58,/,simulation,24658,2.306,2.252
Close Combat - Gateway to Caen,2014,$39.99,66,/,simulation,24461,20.33,5.252
Our Love Will Grow,2015,$4.99,72,/,simulation,24461,3.108,3.036
Project Freedom,2009,$2.99,68,/,simulation,24461,2.3,1.042
Into the Stars,2016,$19.99,51,61,simulation,24263,3.27,1.042
Planar Conquest,2016,$19.99,49,53,simulation,24263,15.288,4.072
Dungeon Journey,2016,$1.99,84,/,simulation,24263,5.234,4.24
Apollo 11 VR,2016,$9.69,87,/,simulation,23869,1.288,1.054
Void Destroyer,2015,$12.99,70,/,simulation,23869,4.21,0.33
Home Design 3D,2015,$9.99,60,/,simulation,23869,2.138,0.252
Domestic Dog Simulator,2015,$2.99,79,/,simulation,23869,2.246,1.1320000000000001
Ship Simulator: Maritime Search and Rescue,2014,$17.99,50,/,simulation,23672,5.306,2.18
Microcosmum: survival of cells,2015,$7.99,70,/,simulation,23672,5.282,3.072
MotoGP15,2015,$39.99,75,/,simulation,23474,23.036,6.354
Starpoint Gemini Warlords,2016,$16.74,78,/,simulation,23474,11.354,2.108
Mad Riders,2012,$9.99,88,/,simulation,23474,2.036,1.03
Pro Cycling Manager 2012,2012,$9.99,74,/,simulation,23474,45.216,8.126
Reach for the Sun,2013,$4.99,69,/,simulation,23474,2.024,1.15
Autocraft,2014,$9.99,67,/,simulation,23277,6.288,2.162
Ride 'em Low,2013,$4.99,48,/,simulation,23080,1.186,0.222
Interstellaria,2015,$9.99,66,/,simulation,23080,6.168,3.024
World Basketball Manager 2010,2010,$4.99,35,/,simulation,22882,0.18,0.09
Dead Age,2016,$14.99,85,/,simulation,22882,4.228,1.3
Carnivores: Dinosaur Hunter Reborn,2015,$14.99,79,/,simulation,22882,5.336,3.18
Sophie's Curse,2016,$4.99,90,/,simulation,22882,2.018,1.324
Taxi,2014,$4.99,50,/,simulation,22882,1.21,0.24599999999999997
Notruf 112,2016,$34.99,55,/,simulation,22685,9.198,6.09
Zotrix,2015,$12.99,65,/,simulation,22685,4.168,3.2640000000000002
A Chair in a Room: Greenwater,2016,$24.99,91,/,simulation,22488,3.174,2.024
Ant War: Domination,2015,$2.99,55,/,simulation,22488,4.042,2.108
Tycoon City: New York,2008,$9.99,37,67,simulation,22291,7.168,2.036
World of Diving,2014,$19.99,67,/,simulation,22291,3.072,1.258
Qvadriga,2014,$19.99,79,72,simulation,22093,8.342,4.2459999999999996
NoLimits 2 Roller Coaster Simulation,2014,$39.99,90,/,simulation,22093,39.108,2.132
Sol 0: Mars Colonization,2016,$5.99,71,/,simulation,22093,13.018,4.072
The Spatials,2015,$9.99,76,/,simulation,21896,13.132,4.048
STAR-BOX: RPG Adventures in Space!,2015,$4.99,50,/,simulation,21896,4.114,4.162
MXGP2 â€“ The Official Motocross Videogame,2016,$49.99,73,/,simulation,21896,33.042,13.024
Lucy -The Eternity She Wished For-,2016,$9.99,96,/,simulation,21896,5.0,3.306
CrazyCars3D,2016,$2.99,69,/,simulation,21896,2.324,3.108
Sky Rogue,2015,$9.99,93,/,simulation,21699,4.084,2.006
The Oil Blue,2015,$4.99,70,/,simulation,21699,3.33,3.114
The Inverted Evolution,2016,$4.99,47,/,simulation,21699,2.336,2.192
Niche - a genetics survival game,2016,$18.99,92,/,simulation,21502,9.204,3.3
Tachyon: The Fringe,2009,$9.99,95,/,simulation,21502,6.288,1.126
Selfie: Sisters of the Amniotic Lens,2015,$4.99,77,/,simulation,21304,3.042,3.102
Autobahn Police Simulator,2015,$19.99,36,/,simulation,21107,7.084,4.084
Interstellar Rift,2015,$14.99,82,/,simulation,21107,12.222,3.144
Richie's Plank Experience,2016,$7.99,94,/,simulation,20910,2.06,0.33
MX vs. ATV Unleashed,2015,$9.99,66,71,simulation,20713,2.198,0.258
Clockwork Empires,2016,$29.99,63,58,simulation,20713,18.222,6.126
Force of Nature,2016,$7.99,80,/,simulation,20713,9.252,4.228
Professional Lumberjack 2015,2015,$19.99,16,/,simulation,20713,2.312,0.264
Bad Rats Show,2016,$4.99,86,/,simulation,20713,2.258,1.354
Feel The Snow,2016,$8.99,92,/,simulation,20713,5.126,2.2279999999999998
Waste Walkers,2015,$9.99,88,/,simulation,20515,3.156,2.348
Hegemony III: Clash of the Ancients,2015,$29.99,76,/,simulation,20515,46.132,8.006
The Battle of Sol,2015,$9.99,67,/,simulation,20515,1.078,0.312
Predator Simulator,2015,$2.99,44,/,simulation,20515,0.20400000000000001,0.24
Ascent - The Space Game,2016,$19.99,74,/,simulation,20515,28.324,19.114
Novus Inceptio,2015,$19.99,72,/,simulation,20318,3.336,1.1139999999999999
TownCraft,2015,$9.99,49,/,simulation,20318,5.042,2.258
Project AURA,2015,$19.99,71,/,simulation,20318,8.234,2.276
Emergency 2016,2015,$19.99,43,/,simulation,20318,7.12,4.078
Orbit,2015,$0.99,62,/,simulation,20121,2.012,1.312
Farm Expert 2017,2016,$19.99,37,/,simulation,20121,6.072,1.144
Dovetail Games Flight School,2016,$14.99,51,/,simulation,20121,6.168,2.258
Making History: The Great War,2015,$29.99,77,/,simulation,19924,16.342,4.282
Industry Empire,2014,$19.99,32,/,simulation,19726,19.024,3.156
Blockscape,2014,$9.99,39,/,simulation,19726,6.27,1.138
Adventure Park,2013,$19.99,13,49,simulation,19529,1.174,0.3
Battle Fleet 2,2014,$14.99,77,/,simulation,19529,9.3,3.246
Sword of the Samurai,2014,$6.99,97,/,simulation,19529,3.174,0.282
Theme Park Studio,2016,$29.99,58,/,simulation,19529,3.186,1.18
Entropy,2013,$19.99,34,/,simulation,19332,9.222,2.06
Gratuitous Space Battles 2,2015,$9.99,49,/,simulation,19332,3.324,1.21
Cockroach Simulator,2016,$5.99,78,/,simulation,19332,2.126,1.174
Club Manager 2015,2014,$9.99,44,/,simulation,19332,22.306,8.222
Cricket Revolution,2009,$2.99,57,/,simulation,19332,9.228,1.1139999999999999
Painters Guild,2015,$4.99,67,/,simulation,19134,4.174,2.342
Panzermadels: Tank Dating Simulator,2016,$9.99,91,/,simulation,19134,4.264,3.018
Oriental Empires,2016,$29.99,83,/,simulation,19134,14.024,5.066
WolfQuest,2016,$9.99,87,/,simulation,18937,25.216,4.354
Pizza Express,2015,$6.99,94,/,simulation,18937,4.018,3.024
Sunset,2015,$19.99,70,66,simulation,18740,2.048,1.228
GearCity,2014,$16.99,80,/,simulation,18740,13.174,4.324
Climbey,2016,$9.99,97,/,simulation,18543,3.006,2.09
Super Mega Baseball: Extra Innings,2015,$19.99,90,/,simulation,18543,14.006,2.2640000000000002
Perfect Golf,2016,$34.99,66,/,simulation,18543,54.252,2.15
Lunch Truck Tycoon,2015,$0.99,66,/,simulation,18543,1.18,0.264
Always Remember Me,2014,$17.99,60,/,simulation,18345,3.024,1.324
Age Of Gladiators,2016,$9.99,83,/,simulation,18345,7.162,3.12
Grand Pigeon's Duty,2016,$0.99,82,/,simulation,17951,2.174,2.114
Investigator,2016,$5.99,76,/,simulation,17951,3.018,3.06
Truck Mechanic Simulator 2015,2015,$9.99,51,/,simulation,17754,3.084,1.096
Pong Waves VR,2016,$9.99,94,/,simulation,17754,2.144,0.34199999999999997
Kingdoms,2015,$9.99,58,/,simulation,17754,5.306,1.306
iRacing,2015,$9.99,84,79,simulation,17556,48.306,0.09
Tyto Ecology,2016,$6.99,77,/,simulation,17556,5.354,2.066
On My Own,2016,$7.99,70,/,simulation,17556,2.006,1.186
LowcoBall,2015,$0.99,62,/,simulation,17556,2.258,2.318
Particle Fleet: Emergence,2016,$14.99,92,/,simulation,17359,13.318,8.09
Mad Hunter,2016,$3.99,88,/,simulation,17162,3.294,3.294
Ashes of the Singularity: Escalation,2016,$39.99,82,81,simulation,16965,6.066,2.21
Storm,2013,$9.99,72,63,simulation,16965,2.042,1.1320000000000001
Fading Hearts,2014,$14.99,68,/,simulation,16965,3.33,3.144
Flower Shop: Winter In Fairbrook,2014,$14.99,68,/,simulation,16965,2.294,2.018
Survivors,2016,$3.99,66,/,simulation,16965,2.306,2.018
Nicole (otome version),2014,$18.99,67,/,simulation,16965,5.114,2.324
1849,2014,$14.99,70,/,simulation,16965,11.294,3.306
Flower Shop: Summer In Fairbrook,2014,$14.99,68,/,simulation,16767,2.27,1.3
Command: Modern Air / Naval Operations WOTY,2014,$79.99,86,/,simulation,16767,20.246,5.06
Hero Generations,2015,$5.99,58,/,simulation,16767,2.294,1.306
ｈａｃｋｍｕｄ,2016,$19.99,76,/,simulation,16570,9.09,4.204
RIDE 2,2016,$49.99,85,78,simulation,16373,22.252,16.096
MotoGP14,2014,$29.99,50,76,simulation,16373,14.096,4.354
Crookz - The Big Heist,2015,$19.99,86,74,simulation,16373,8.294,2.24
Dandelion - Wishes brought to you -,2014,$29.99,92,/,simulation,16373,23.12,21.216
GamersGoMakers,2014,$9.99,79,/,simulation,16373,14.33,10.258
Video blogger Story,2016,$6.99,70,/,simulation,16373,3.324,2.204
Democracy 3 Africa,2016,$14.99,71,/,simulation,16176,5.096,4.15
G-Ball,2014,$0.99,26,/,simulation,16176,0.216,0.066
Chris Sawyer's Locomotion,2015,$5.99,80,/,simulation,15978,16.12,1.27
Airline Tycoon Deluxe,2014,$9.99,72,/,simulation,15978,10.12,4.03
RECYCLE,2014,$9.99,37,/,simulation,15978,8.246,1.342
Bounty Train,2015,$24.99,78,/,simulation,15978,9.108,3.162
Panzer Elite Action Fields of Glory,2014,$9.99,42,/,simulation,15781,2.156,1.096
Hearthlands,2014,$19.99,91,/,simulation,15781,11.084,5.3
Astrox: Hostile Space Excavation,2015,$9.99,86,/,simulation,15781,6.324,4.162
Voodoo Garden,2016,$2.99,78,/,simulation,15781,8.306,1.33
Airport Firefighters - The Simulation,2015,$14.99,41,/,simulation,15584,4.114,2.3
RESCUE 2,2015,$19.99,58,/,simulation,15584,6.156,4.114
Project Syria,2016,Free,30,/,simulation,15584,0.018,0.024
Buzz Aldrin's Space Program Manager,2014,$29.99,79,62,simulation,15386,17.3,8.24
Celestial Command,2014,$10.99,79,/,simulation,15386,4.21,1.204
Civil War II,2014,$39.99,73,/,simulation,15386,51.258,3.294
Sbastien Loeb Rally EVO,2016,$49.99,48,/,simulation,15386,12.288,2.336
Governor of Poker 2,2010,$7.99,72,/,simulation,15386,18.294,4.264
Aerofly FS 2 Flight Simulator,2016,$49.99,76,/,simulation,15386,8.162,2.342
Pro Rugby Manager 2015,2014,$9.99,21,/,simulation,15189,26.354,10.3
Robot vs Birds Zombies,2015,$0.49,30,/,simulation,14992,4.018,3.102
Railroad Pioneer,2014,$4.99,58,50,simulation,14795,7.312,2.108
Slavistan,2016,$1.99,94,/,simulation,14795,1.048,0.192
Sunrider: Liberation Day,2016,$24.99,85,/,simulation,14795,13.132,10.096
World Basketball Tycoon,2013,$9.99,14,/,simulation,14795,1.102,0.162
Envoy 2,2016,$0.99,36,/,simulation,14795,4.138,4.126
Judgment: Apocalypse Survival Simulation,2016,$14.99,85,/,simulation,14597,9.132,4.264
Ice Lakes,2016,$14.99,89,/,simulation,14597,6.186,2.156
World's Dawn,2016,$9.99,84,/,simulation,14400,8.144,3.054
Hospital Manager,2015,$4.99,46,/,simulation,14400,4.114,2.324
Don Bradman Cricket 14,2014,$39.99,94,/,simulation,14203,78.228,57.336
Another Brick in the Mall,2016,$12.99,85,/,simulation,14006,6.282,5.096
Football Tactics,2015,$14.99,91,/,simulation,14006,20.06,11.138
Racing Manager 2014,2013,$7.99,17,/,simulation,14006,6.282,3.21
Dragon The Game,2014,$17.99,55,/,simulation,13808,1.0,0.126
Hybrid Animals,2016,$6.99,67,/,simulation,13808,2.138,1.1320000000000001
Masters of the World,2014,$34.99,43,/,simulation,13808,46.054,20.048
Imagine Earth,2014,$19.99,83,/,simulation,13611,6.21,2.282
Villagers,2016,$19.99,43,/,simulation,13414,12.228,6.21
Life in Bunker,2016,$15.99,60,/,simulation,13414,7.216,4.108
Gon' E-Choo!,2015,$1.99,85,/,simulation,13414,3.162,3.03
Trainz: A New Era,2015,$39.99,76,/,simulation,13414,48.054,11.168
Rogue State,2015,$12.99,74,66,simulation,13217,4.228,4.072
CodeSpells,2015,$19.99,75,/,simulation,13217,3.036,1.018
MX vs. ATV Supercross Encore,2015,$29.99,50,/,simulation,13217,14.282,7.18
Cityconomy,2015,$24.99,39,/,simulation,13217,4.204,3.054
Pixel Survival - Craft Game,2016,$0.99,38,/,simulation,13217,1.0,0.15
Diaries of a Spaceport Janitor,2016,$9.99,80,67,simulation,13019,2.054,1.036
Brian's High Velocity Research Center,2016,Free,89,/,simulation,13019,0.096,0.066
Polyball,2015,$14.99,81,/,simulation,12822,6.15,2.162
Shallow Space,2015,$14.99,76,/,simulation,12822,2.12,1.012
Arms Dealer,2015,$12.99,52,/,simulation,12822,4.03,1.024
Tennis Elbow 2013,2015,$16.24,90,/,simulation,12822,65.234,12.03
Hide & Hold Out - H2o,2016,$17.99,60,/,simulation,12625,16.3,7.006
Madness Cubed,2016,$5.99,63,/,simulation,12625,6.18,3.156
Formula Truck 2013,2015,$7.49,75,/,simulation,12428,4.054,0.33
Evochron Legacy,2016,$24.99,79,/,simulation,12428,6.018,2.354
Gabe Newell Simulator,2015,$3,44,/,simulation,12428,1.354,2.102
Bonsai,2016,$0.99,56,/,simulation,12428,3.168,2.348
Unseen Diplomacy,2016,$2.99,91,/,simulation,12428,0.252,0.11399999999999999
The Nest,2016,$9.99,78,/,simulation,12230,0.192,0.156
Moonstone Tavern,2016,$7.99,31,/,simulation,12230,3.222,3.168
Industry Manager: Future Technologies,2016,$19.99,65,/,simulation,12230,9.03,4.096
Legend of Merchant,2016,$1.99,83,/,simulation,12230,3.138,1.342
Maximum Override,2016,$6.99,77,/,simulation,12033,4.174,1.138
Pre-Civilization Egypt,2016,$9.99,93,/,simulation,12033,12.192,5.174
Crazy Machines 3,2016,$19.99,90,69,simulation,11836,2.246,1.294
Masterspace,2015,$13.99,31,/,simulation,11836,2.084,1.27
Forget Me Not: My Organic Garden,2015,$3.99,89,/,simulation,11836,6.2459999999999996,3.2279999999999998
Blood Code,2015,$9.99,72,/,simulation,11836,6.024,5.072
"Forgotten, Not Lost - A Kinetic Novel",2016,$1.99,91,/,simulation,11836,3.192,3.156
Arcadecraft,2014,$9.99,50,/,simulation,11836,2.288,2.3
Nameless ~The one thing you must recall~,2014,$29.99,96,/,simulation,11836,22.246,20.066
Petz Horsez 2,2008,$9.99,68,/,simulation,11639,13.252,4.036
Princess Maker 2 Refine,2016,$19.99,91,/,simulation,11639,6.108,3.318
Hydraulic Empire,2015,$7.99,56,/,simulation,11639,4.018,3.144
Ragdoll Runners,2016,$4.99,90,/,simulation,11441,6.018,1.216
Drifter,2014,$11.99,69,/,simulation,11244,3.06,0.33
Brick Rigs,2016,$14.99,78,/,simulation,11244,7.012,4.084
Airport Simulator 2015,2015,$14.99,31,/,simulation,11244,3.21,1.108
Project Explore,2015,$1.99,83,/,simulation,11244,1.102,0.252
Wayward,2016,$7.99,87,/,simulation,11244,5.186,2.066
Patterns,,Free,14,/,simulation,11047,2.318,1.102
VR The Diner Duo,2016,$14.99,97,/,simulation,11047,2.312,2.144
Everest VR,2016,$19.99,41,/,simulation,11047,2.282,0.288
Home Improvisation,2016,$9.99,70,/,simulation,11047,1.144,1.072
Citalis,2016,$1.99,78,/,simulation,10849,1.354,2.168
Age of Survival,2015,$18.99,23,/,simulation,10849,5.144,5.294
Zombie City Defense 2,2016,$9.99,72,/,simulation,10849,3.318,2.204
The Good Life,2014,$9.99,55,/,simulation,10849,4.072,1.09
GEARGUNS - Tank offensive,2016,$0.79,80,/,simulation,10849,4.072,4.126
Dwelvers,2014,$19.99,80,/,simulation,10652,8.054,2.084
The Lost Valley,2015,$4.99,43,/,simulation,10652,2.18,3.06
Gridworld,2015,$0.99,82,/,simulation,10652,6.318,1.234
Diner Dash: Hometown Hero,2009,$9.99,40,/,simulation,10652,12.042,2.108
Finders,2015,$5.99,77,/,simulation,10652,12.108,6.096
No Time To Live,2015,$0.99,79,/,simulation,10652,3.138,3.132
QuiVr,2016,$19.99,96,/,simulation,10652,1.282,0.34199999999999997
GhostControl Inc.,2014,$14.99,77,/,simulation,10455,3.024,1.342
Giant Machines 2017,2016,$19.99,71,/,simulation,10455,4.198,3.216
Fireworks Simulator,2014,$9.99,53,/,simulation,10455,2.036,0.3
Driving School Simulator,2014,$14.99,23,/,simulation,10455,2.096,0.21
Volo Airsport,2014,$12.99,72,/,simulation,10455,1.084,0.144
BossConstructor,2016,$14.99,80,/,simulation,10455,9.066,3.006
Idol Hands,2015,$4.99,44,/,simulation,10455,4.138,3.216
MOAI: Build Your Dream,2015,$6.99,79,/,simulation,10258,9.102,5.03
Fly in the House,2015,$9.99,51,/,simulation,10258,2.078,1.024
NewRetroArcade: Neon,2016,$19.99,83,/,simulation,10258,5.276,1.042
Hack RUN,2015,$4.99,85,/,simulation,10060,2.006,1.072
Kiai Resonance,2015,$4.99,80,/,simulation,10060,2.084,2.24
Sky Gamblers: Storm Raiders,2015,$9.99,81,/,simulation,10060,4.126,2.21
Pierhead Arcade,2016,$9.99,94,/,simulation,10060,1.306,1.168
Oil Enterprise,2016,$19.99,56,/,simulation,10060,8.282,5.12
8-Bit Invaders!,2016,$14.99,87,/,simulation,10060,4.048,2.096
UnReal World,2016,$10.99,96,/,simulation,10060,8.006,2.096
CASE: Animatronics,2016,$9.99,87,/,simulation,10060,3.168,2.114
Ultimate Booster Experience,2016,$4.99,84,/,simulation,9863,1.192,0.288
VRC PRO,2015,$44.99,81,/,simulation,9863,22.342,3.06
Auto Dealership Tycoon,2015,$5.99,54,/,simulation,9666,9.072,7.204
Polaris Sector,2016,$39.99,66,76,simulation,9469,30.318,20.186
Pure Pool,2014,$12.99,53,68,simulation,9469,12.228,1.048
Emergency 2017,2016,$39.99,59,/,simulation,9469,8.144,6.288
Ceres,2015,$19.99,65,74,simulation,9271,8.108,6.168
Valentino Rossi The Game,2016,$49.99,75,72,simulation,9271,25.006,14.156
Star Hammer: The Vanguard Prophecy,2015,$19.99,82,69,simulation,9271,11.066,2.306
Time Machine VR,2016,$29.99,68,58,simulation,9271,1.18,0.258
Wild Animal Racing,2016,$3.99,88,/,simulation,9271,2.006,0.264
Wild Season,2015,$16.99,42,/,simulation,9271,7.066,5.096
Starship Corporation,2016,$19.99,60,/,simulation,9271,10.246,3.066
Total Extreme Wrestling,2015,$6.79,76,/,simulation,9271,74.03,5.066
Star Command Galaxies,2015,$14.99,65,/,simulation,9074,4.18,1.276
To End All Wars,2014,$39.99,70,71,simulation,8877,18.336,7.288
FIM Speedway Grand Prix 15,2015,$24.99,89,68,simulation,8877,16.12,8.06
Major\Minor - Definitive Edition,2016,$19.99,82,/,simulation,8877,3.216,3.024
Bear Simulator,2016,$14.99,82,/,simulation,8877,3.342,2.012
Idle Civilization,2015,$4.99,70,/,simulation,8877,59.15,10.27
Wings Over Europe,2014,$9.99,60,62,simulation,8680,2.126,0.33
Spirited Heart Deluxe,2014,$19.99,39,/,simulation,8680,3.168,3.126
It's A Wipe!,2014,$4.99,78,/,simulation,8680,4.216,2.114
Front Office Football Seven,2015,$18.99,84,/,simulation,8680,186.168,20.192
Castaway Paradise,2015,$14.99,88,/,simulation,8680,15.336,3.24
Fall of the Titanic,2015,Free,58,/,simulation,8680,3.084,1.012
Franchise Hockey Manager 2,2015,$19.99,66,79,simulation,8482,16.228,4.216
Heart's Medicine - Time to Heal,2016,$12.99,90,/,simulation,8482,10.282,7.27
Star Nomad 2,2015,$12.99,70,/,simulation,8482,12.096,2.006
Snooker Nation Championship,2016,$4.99,72,/,simulation,8482,12.354,1.324
Carp Fishing Simulator,2015,$12.99,61,/,simulation,8285,6.042,6.132
The Terminal 2,2014,$4.99,25,/,simulation,8285,3.006,1.246
Time Tenshi,2015,$9.99,73,/,simulation,8285,2.198,2.168
Police Tactics: Imperio,2016,$19.99,65,/,simulation,8285,8.192,5.264
EmergeNYC,2016,$34.99,89,/,simulation,8088,13.054,3.15
Titans of Space 2.0,2016,$7.99,92,/,simulation,8088,0.21,0.20400000000000001
Demolish & Build Company 2017,2016,$19.99,79,/,simulation,8088,8.198,6.234
Epic Manager,2016,$17.99,69,/,simulation,8088,6.108,5.078
ACE Academy,2016,$19.99,96,/,simulation,8088,11.06,9.342
Rugby Union Team Manager 2015,2014,$19.99,57,/,simulation,8088,28.114,5.294
Black Closet,2015,$19.99,95,/,simulation,7891,4.294,4.234
G-senjou no Maou - The Devil on G-String,2015,$19.99,97,/,simulation,7891,14.216,8.294
Where's My Mommy?,2016,$5.99,72,/,simulation,7693,3.0,1.072
Sword Master VR,2016,$9.99,76,/,simulation,7693,1.09,0.318
Mechs & Mercs: Black Talons,2015,$9.99,44,/,simulation,7693,5.102,6.108
Earth Space Colonies,2016,$14.99,54,/,simulation,7693,3.342,2.306
Steel Armor - Blaze of War,2015,$29.99,82,70,simulation,7496,6.336,3.156
R.B.I. Baseball 15,2015,$19.99,43,/,simulation,7496,11.204,0.258
The Last Sniper VR,2016,$9.99,72,/,simulation,7496,1.144,0.264
Unclaimed World,2016,$18.99,68,/,simulation,7496,3.132,1.144
Cahors Sunset,2015,$1.99,65,/,simulation,7496,0.33,0.336
aerofly FS,2012,$9.99,65,/,simulation,7299,14.252,5.114
Starlite: Astronaut Rescue,2014,$2.99,38,/,simulation,7299,0.336,0.15
Stern Pinball Arcade,2016,Free,33,/,simulation,7299,1.186,0.12
The Westport Independent,2016,$9.99,60,63,simulation,7101,2.084,1.336
Glittermitten Grove,2016,$19.99,90,/,simulation,7101,7.108,5.276
Seduce Me 2: The Demon War,2016,$9.99,90,/,simulation,7101,11.276,9.318
Space Rogue,2016,$19.99,69,/,simulation,7101,7.138,6.084
World of Subways 4  New York Line 7,2015,$19.99,58,/,simulation,7101,18.12,4.144
Intensive Exposure,2016,$4.99,91,/,simulation,7101,1.3479999999999999,2.048
Backstage Pass,2016,$29.99,90,/,simulation,6904,12.354,10.06
ALONE?,2016,$1.94,54,/,simulation,6904,2.354,3.204
1931: Scheherazade at the Library of Pergamum,2015,$24.99,75,/,simulation,6904,7.2459999999999996,6.048
One Late Night: Deadline,2014,$9.99,29,/,simulation,6707,0.27,0.312
The Mims Beginning,2016,$19.99,77,/,simulation,6707,3.312,1.036
Major\Minor,,$19.99,79,/,simulation,6707,9.012,6.03
Guild Commander,2015,$4.99,48,/,simulation,6707,4.276,3.234
Toilet Tycoon,2015,$4.99,71,/,simulation,6707,3.132,3.18
OmniBus,2016,$9.99,89,55,simulation,6510,3.2279999999999998,1.3
Power & Revolution,2016,$49.99,56,/,simulation,6510,42.156,28.288
The Dope Game,2016,$1.99,79,/,simulation,6510,3.336,1.12
Making History: The Calm and the Storm Gold Edition,2015,$4.99,85,/,simulation,6510,23.114,11.354
CINEVEO - Virtual Reality Cinema,2015,$9.99,67,/,simulation,6510,2.252,0.108
Gary Grigsby's War in the East,2015,$79.99,97,/,simulation,6312,85.06,35.33
Cmoar VR Cinema,2016,$9.99,79,/,simulation,6312,0.312,0.198
The Withering,2015,$9.99,70,/,simulation,6115,9.174,7.132
Forsaken Fortress Strategy,2015,$9.99,55,/,simulation,6115,1.222,0.306
Scourge of War: Waterloo,2015,$49.99,77,/,simulation,6115,4.318,2.24
Bowl Bound College Football,2015,$19.99,58,80,simulation,5918,40.072,28.084
Game Tycoon 2,2016,$14.99,44,/,simulation,5918,5.036,2.336
The Golf Club VR,2016,$24.99,91,/,simulation,5918,2.036,1.066
Shadows of Kurgansk,2016,$14.99,73,/,simulation,5918,5.162,3.12
One Night Stand,2016,$2.99,87,/,simulation,5918,2.036,2.162
Untamed: Life Of A Cougar,2015,$14.99,72,/,simulation,5918,3.348,1.216
No One But You,2016,$9.99,85,/,simulation,5918,4.258,3.306
Dive to the Titanic,2010,$9.99,32,/,simulation,5918,2.072,1.306
Graviteam Tactics: Mius-Front,2016,$34.99,90,/,simulation,5721,15.03,2.318
Starlight Inception,2014,$9.99,18,/,simulation,5721,0.354,0.138
Shoppy Mart: Steam Edition,2015,$4.99,70,/,simulation,5721,2.3,2.21
Pixel Day - Gun Z,2016,$0.49,23,/,simulation,5721,0.096,0.108
Wolf Simulator,2016,$4.99,34,/,simulation,5721,2.072,3.138
Gender Bender DNA Twister Extreme,2015,$24.99,72,/,simulation,5721,6.288,4.198
How to Take Off Your Mask,2015,$14.99,84,/,simulation,5721,4.216,7.126
MadOut Open City,2016,$5.59,50,/,simulation,5721,2.216,1.222
Eagle Flight,2016,$39.99,74,75,simulation,5326,1.18,0.306
Mars Colony: Challenger,2014,$4.99,62,/,simulation,5326,7.102,6.258
D.U.S.T.,2015,$14.99,60,/,simulation,5326,1.204,0.348
Zero-G VR,2016,$4.99,56,/,simulation,5326,0.132,0.078
Harmonia,2016,$9.99,97,/,simulation,5326,6.036,2.324
Peak Angle: Drift Online,2016,$14.99,81,/,simulation,5129,4.186,3.192
Supreme,2015,$9.99,68,/,simulation,5129,2.282,2.192
Social Justice Warriors,2015,$7.99,53,/,simulation,5129,1.27,1.006
MotorSport Revolution,2015,$14.99,21,/,simulation,5129,0.156,0.312
Wayward Terran Frontier: Zero Falls,2016,$29.99,71,/,simulation,5129,15.312,14.246
A Little Lily Princess,2016,$9.74,91,/,simulation,5129,5.054,4.336
Tapocalypse,2016,$1.99,80,/,simulation,5129,4.138,5.336
DinoSystem,2015,$7.99,88,/,simulation,5129,3.294,2.354
VR Ping Pong,2016,$9.99,85,/,simulation,4932,1.054,1.054
Townsmen,2016,$11.99,65,/,simulation,4734,7.006,5.024
Race To Mars,2014,$19.99,16,/,simulation,4734,1.222,1.072
Farlight Explorers,2015,$14.99,65,/,simulation,4734,18.27,6.072
Pro Basketball Manager 2016,2016,$19.99,41,/,simulation,4734,6.234,5.174
RC Simulation 2.0,2015,$14.99,66,/,simulation,4537,13.078,1.186
Caravan,2016,$14.99,72,/,simulation,4537,5.264,6.288
STORM VR,2016,$1.99,81,/,simulation,4537,0.09,0.10200000000000001
Yohjo Simulator,2015,$4.99,59,/,simulation,4537,0.108,0.09
Hero's Song,2016,Free,56,/,simulation,4537,5.108,3.006
Paragon,2014,$14.99,61,/,simulation,4537,1.18,0.318
Nurse Love Addiction,2016,$39.99,96,/,simulation,4340,13.282,16.15
Domino Sky,2016,$3.99,86,/,simulation,4340,2.354,2.18
MTB Downhill Simulator,2016,$7.99,11,/,simulation,4340,0.324,0.162
Just Deserts,2016,$9.99,88,/,simulation,4340,6.216,5.132
Children of a Dead Earth,2016,$24.99,90,/,simulation,4340,10.09,12.234
Rogue System,2016,$29.99,95,/,simulation,4340,2.276,1.258
Trackday Manager,2016,$11.99,66,/,simulation,4340,20.078,8.27
Brilliant Shadows - Part One of the Book of Gray Magic,2015,$6.99,94,/,simulation,4143,3.186,4.132
Gates of Horizon,2014,$9.99,66,/,simulation,4143,26.126,42.234
MXGP - The Official Motocross Videogame Compact,2014,$9.99,66,/,simulation,4143,6.048,3.168
Air Missions: HIND,2016,$16.99,84,/,simulation,4143,3.0,3.192
Elven Assassin,2016,$7.99,86,/,simulation,4143,2.192,1.006
Songs2See Game,2013,$14.99,50,/,simulation,4143,0.27,0.174
Might & Magic ® Showdown,2017,$19.99,65,/,simulation,4143,1.3479999999999999,2.06
aerofly RC 7,2014,$39.99,70,/,simulation,4143,37.042,14.342
Basketball Pro Management 2015,2014,$19.99,40,69,simulation,3945,6.168,7.3
Ant Queen,2016,$8.99,52,/,simulation,3945,11.306,3.078
Pro Pinball Ultra,2016,$14.99,83,/,simulation,3945,5.042,3.108
Catch Canvas,2016,$9.99,76,/,simulation,3945,1.216,1.3479999999999999
Yore VR,2016,$14.99,80,/,simulation,3945,0.336,0.132
Aiball,2016,$1.99,66,/,simulation,3945,0.156,0.084
Deserter Simulator,2015,$9.99,59,/,simulation,3945,5.09,5.066
Pacific Fighters,2008,$9.99,91,86,simulation,3748,2.072,3.2279999999999998
Robot Arena III,2016,$19.99,35,/,simulation,3748,5.132,4.324
Castle Must Be Mine,2016,$11.99,/,/,simulation,3748,0.33,0.3
March of Industry,2015,$9.99,36,/,simulation,3748,12.072,4.216
Crest,2015,$10.99,68,/,simulation,3748,2.048,1.306
Kitchen Simulator 2015,2015,$1.99,26,/,simulation,3748,3.216,5.084
Sovereignty: Crown of Kings,2015,$24.99,76,/,simulation,3748,32.09,31.018
Pirate's Life,2015,$4.99,38,/,simulation,3748,2.114,1.258
Cat Simulator,2016,$1.49,46,/,simulation,3748,0.34199999999999997,0.06
Extreme Forklifting 2,2016,$1.99,83,/,simulation,3551,0.258,0.34199999999999997
Earthtongue,2015,$2.49,94,/,simulation,3551,1.084,1.042
Soda Drinker Pro,2016,$4.99,92,/,simulation,3551,1.288,0.20400000000000001
Void Destroyer 2,2016,$14.99,92,/,simulation,3551,8.222,2.084
Formula Fusion,2015,$19.99,80,/,simulation,3353,4.33,4.15
Hardware Engineering,2016,$5.99,59,/,simulation,3353,0.318,1.09
Lif,2016,$8.99,57,/,simulation,3353,2.078,2.096
Unending Galaxy,2016,$9.99,66,/,simulation,3353,4.306,9.054
CDF Starfighter VR,2016,$14.99,64,/,simulation,3156,1.168,3.018
Vector 36,,$14.99,77,/,simulation,3156,1.096,0.084
Tower 3D,2016,$29.99,30,/,simulation,3156,7.348,7.12
My Lady,2016,$0.99,83,/,simulation,3156,0.11399999999999999,0.144
Littlewitch Romanesque: Editio Regia,2015,$24.99,86,/,simulation,3156,25.12,45.132
Dead Sea,2015,$4.99,39,/,simulation,3156,0.162,0.15
Little King's Story,2016,$24.99,68,64,simulation,2959,5.162,4.09
The Survey,2016,$4.99,76,/,simulation,2959,2.042,2.126
Winter Novel,2016,$4.99,84,/,simulation,2959,1.324,1.1139999999999999
ViveSpray,2016,$6.99,89,/,simulation,2959,1.198,2.024
Mark McMorris Infinite Air,2016,$29.99,85,/,simulation,2959,13.132,16.324
The Sandbox Evolution,2016,$9.99,77,/,simulation,2762,4.048,3.12
Altitude0: Lower & Faster,,$18.99,77,/,simulation,2762,13.168,17.084
Dungeon Manager ZV,2015,$9.99,62,/,simulation,2762,18.306,1.318
Overkill VR,2016,$19.99,79,/,simulation,2762,6.006,4.24
Armor Clash,2015,$9.99,73,/,simulation,2762,0.348,0.354
World Of Leaders,2014,$4.99,19,/,simulation,2762,0.11399999999999999,0.144
Lobotomy Corporation,2016,$14.99,91,/,simulation,2762,2.054,2.084
Star Rangers,2016,$11.99,41,/,simulation,2762,7.192,3.276
Far Beyond: A space odyssey,2016,$15.99,84,/,simulation,2564,1.222,1.228
Klepto,2016,$12.99,56,/,simulation,2564,0.27,0.348
Asteroids: Outpost,2015,$29.99,33,/,simulation,2564,1.078,1.102
Fate Tectonics,2015,$1.99,84,/,simulation,2564,3.156,2.33
Dream Car Racing 3D,2016,$14.99,/,/,simulation,2564,6.24,4.264
Badiya,2016,$19.99,67,/,simulation,2564,1.228,1.156
Combat Air Patrol 2,2016,$29.99,62,/,simulation,2564,4.078,5.084
Pure Chess,2016,$12.99,70,/,simulation,2367,11.054,19.054
Epic Space: Online,2014,$14.99,25,/,simulation,2367,4.186,5.216
Cubic,2016,$19.99,58,/,simulation,2367,4.318,6.114
Hardware Engineers,2016,$9.99,83,/,simulation,2170,2.204,3.102
Counter Fight,2016,$7.99,85,/,simulation,2170,1.192,1.354
HACK_IT,2016,$4.99,21,/,simulation,1973,2.048,1.294
Songs2See Editor,2013,$14.99,50,/,simulation,1973,9.054,22.312
Bot Colony,2014,Free,71,/,simulation,1973,2.024,2.132
Kingspray Graffiti Simulator,2016,$11.24,85,/,simulation,1973,2.258,2.144
"Don't Die Dateless, Dummy!",2016,$2.99,54,/,simulation,1775,0.168,0.216
BOMB,2015,$7.99,60,/,simulation,1775,1.324,1.204
Axis Football 2016,2016,$19.99,72,/,simulation,1578,2.156,2.348
Pinball FX2 VR,2016,$14.99,84,/,simulation,1578,0.258,1.102
Rock God Tycoon,2016,$10.99,98,/,simulation,1578,7.342,5.108
Lethal VR,2016,$14.99,88,66,simulation,1381,1.15,1.102
REVERSE SIDE,2015,$13.99,48,/,simulation,1381,1.108,1.324
The Cooking Game,2016,$9.99,86,/,simulation,1210,9.114,16.294
Soviet City,2016,$11.99,75,/,simulation,1184,0.174,0.11399999999999999
"What The Heck, Dude?",2017,$4.99,55,/,simulation,986,2.12,3.294
Don Bradman Cricket 17,2017,$49.99,60,/,simulation,986,16.228,18.258
GlaZ,2017,$2.99,91,/,simulation,986,2.132,1.204
Dragonflight,2015,$15.99,73,/,simulation,907,0.078,0.078
